-- --------------------------------------------------------
-- Host:                         127.0.0.1
-- Server version:               8.0.30 - MySQL Community Server - GPL
-- Server OS:                    Win64
-- HeidiSQL Version:             12.1.0.6537
-- --------------------------------------------------------

/*!40101 SET @OLD_CHARACTER_SET_CLIENT=@@CHARACTER_SET_CLIENT */;
/*!40101 SET NAMES utf8 */;
/*!50503 SET NAMES utf8mb4 */;
/*!40103 SET @OLD_TIME_ZONE=@@TIME_ZONE */;
/*!40103 SET TIME_ZONE='+00:00' */;
/*!40014 SET @OLD_FOREIGN_KEY_CHECKS=@@FOREIGN_KEY_CHECKS, FOREIGN_KEY_CHECKS=0 */;
/*!40101 SET @OLD_SQL_MODE=@@SQL_MODE, SQL_MODE='NO_AUTO_VALUE_ON_ZERO' */;
/*!40111 SET @OLD_SQL_NOTES=@@SQL_NOTES, SQL_NOTES=0 */;


-- Dumping database structure for laravel_filament
CREATE DATABASE IF NOT EXISTS `laravel_filament` /*!40100 DEFAULT CHARACTER SET utf8mb4 COLLATE utf8mb4_0900_ai_ci */ /*!80016 DEFAULT ENCRYPTION='N' */;
USE `laravel_filament`;

-- Dumping structure for table laravel_filament.failed_jobs
CREATE TABLE IF NOT EXISTS `failed_jobs` (
  `id` bigint unsigned NOT NULL AUTO_INCREMENT,
  `uuid` varchar(255) COLLATE utf8mb4_unicode_ci NOT NULL,
  `connection` text COLLATE utf8mb4_unicode_ci NOT NULL,
  `queue` text COLLATE utf8mb4_unicode_ci NOT NULL,
  `payload` longtext COLLATE utf8mb4_unicode_ci NOT NULL,
  `exception` longtext COLLATE utf8mb4_unicode_ci NOT NULL,
  `failed_at` timestamp NOT NULL DEFAULT CURRENT_TIMESTAMP,
  PRIMARY KEY (`id`),
  UNIQUE KEY `failed_jobs_uuid_unique` (`uuid`)
) ENGINE=InnoDB DEFAULT CHARSET=utf8mb4 COLLATE=utf8mb4_unicode_ci;

-- Dumping data for table laravel_filament.failed_jobs: ~0 rows (approximately)

-- Dumping structure for table laravel_filament.kategoris
CREATE TABLE IF NOT EXISTS `kategoris` (
  `id` bigint unsigned NOT NULL AUTO_INCREMENT,
  `nama` varchar(100) COLLATE utf8mb4_unicode_ci NOT NULL,
  `digunakan` tinyint(1) NOT NULL DEFAULT '1',
  `created_by` bigint unsigned DEFAULT NULL,
  `last_edited_by` bigint unsigned DEFAULT NULL,
  `created_at` timestamp NULL DEFAULT NULL,
  `updated_at` timestamp NULL DEFAULT NULL,
  PRIMARY KEY (`id`),
  UNIQUE KEY `kategoris_nama_unique` (`nama`),
  KEY `kategori_created_by` (`created_by`),
  KEY `kategori_last_edited_by` (`last_edited_by`),
  CONSTRAINT `kategori_created_by` FOREIGN KEY (`created_by`) REFERENCES `users` (`id`) ON DELETE SET NULL,
  CONSTRAINT `kategori_last_edited_by` FOREIGN KEY (`last_edited_by`) REFERENCES `users` (`id`) ON DELETE SET NULL
) ENGINE=InnoDB AUTO_INCREMENT=93 DEFAULT CHARSET=utf8mb4 COLLATE=utf8mb4_unicode_ci;

-- Dumping data for table laravel_filament.kategoris: ~67 rows (approximately)
INSERT IGNORE INTO `kategoris` (`id`, `nama`, `digunakan`, `created_by`, `last_edited_by`, `created_at`, `updated_at`) VALUES
	(1, 'OBAT SAKIT KEPALA', 1, NULL, NULL, '2023-09-16 16:15:19', '2023-09-16 16:15:19'),
	(2, 'OBAT BATUK', 1, NULL, NULL, '2023-09-16 16:15:19', '2023-09-16 16:15:19'),
	(3, 'OBAT FLU & PILEK', 1, NULL, NULL, '2023-09-16 16:15:19', '2023-09-16 16:15:19'),
	(4, 'OBAT MATA', 1, NULL, NULL, '2023-09-16 16:15:19', '2023-09-16 16:15:19'),
	(5, 'SUSU ANAK', 1, NULL, NULL, '2023-09-16 16:15:19', '2023-09-16 16:15:19'),
	(6, 'UMUM', 1, NULL, NULL, '2023-09-16 16:15:20', '2023-09-16 16:15:20'),
	(7, 'ALAT MEDIS', 1, NULL, NULL, '2023-09-16 16:15:20', '2023-09-16 16:15:20'),
	(8, 'ALAT KESEHATAN', 1, NULL, NULL, '2023-09-16 16:15:20', '2023-09-17 08:41:12'),
	(9, 'ALAT KESEHATAN MEDIS', 1, NULL, NULL, '2023-09-16 16:17:11', '2023-09-16 16:17:11'),
	(10, 'ALAT KESEHATAN NON MEDIS', 1, NULL, NULL, '2023-09-16 16:17:11', '2023-09-16 16:17:11'),
	(11, 'OBAT BATUK DAN PILEK', 1, NULL, NULL, '2023-09-16 16:17:11', '2023-09-16 16:17:11'),
	(12, 'BATUK BERDAHAK', 1, NULL, NULL, '2023-09-16 16:17:11', '2023-09-16 16:17:11'),
	(13, 'FLU', 1, NULL, NULL, '2023-09-16 16:17:11', '2023-09-16 16:17:11'),
	(14, 'UNTUK ANAK', 1, NULL, NULL, '2023-09-16 16:17:11', '2023-09-16 16:17:11'),
	(15, 'PEMBERSIH KOTORAN TELINGA', 1, NULL, NULL, '2023-09-16 16:17:11', '2023-09-16 16:17:11'),
	(16, 'ALAT KONTRASEPSI', 1, NULL, NULL, '2023-09-16 16:17:11', '2023-09-16 16:17:11'),
	(17, 'VITAMIN & SUPLEMEN', 1, NULL, NULL, '2023-09-16 16:17:11', '2023-09-16 16:17:11'),
	(18, 'OBAT JAMU', 1, NULL, NULL, '2023-09-16 16:17:11', '2023-09-16 16:17:11'),
	(19, 'PEMBASMI KUTU RAMBUT', 1, NULL, NULL, '2023-09-16 16:17:11', '2023-09-16 16:17:11'),
	(20, 'OBAT TELINGA', 1, NULL, NULL, '2023-09-16 16:17:11', '2023-09-16 16:17:11'),
	(21, 'OBAT HERBAL', 1, NULL, NULL, '2023-09-16 16:17:11', '2023-09-16 16:17:11'),
	(22, 'KOSMETIK', 1, NULL, NULL, '2023-09-16 16:17:11', '2023-09-16 16:17:11'),
	(23, 'OBAT JAMUR', 1, NULL, NULL, '2023-09-16 16:17:11', '2023-09-16 16:17:11'),
	(24, 'KARDIOFASKULER & HEMATOPOIETIK', 1, NULL, NULL, '2023-09-16 16:17:11', '2023-09-16 16:17:11'),
	(25, 'OBAT KULIT LAIN', 1, NULL, NULL, '2023-09-16 16:17:11', '2023-09-16 16:17:11'),
	(26, 'ANTELMINTIK', 1, NULL, NULL, '2023-09-16 16:17:11', '2023-09-16 16:17:11'),
	(27, 'ANALGESIK & ANTIPERIK', 1, NULL, NULL, '2023-09-16 16:17:11', '2023-09-16 16:17:11'),
	(28, 'ANTISEPTIK SALURAN KEMIH', 1, NULL, NULL, '2023-09-16 16:17:11', '2023-09-16 16:17:11'),
	(29, 'PILEK', 1, NULL, NULL, '2023-09-16 16:17:11', '2023-09-16 16:17:11'),
	(30, 'ANTISEPTIK & DISINFEKTAN KULIT', 1, NULL, NULL, '2023-09-16 16:17:11', '2023-09-16 16:17:11'),
	(31, 'DLL', 1, NULL, NULL, '2023-09-16 16:17:11', '2023-09-16 16:17:11'),
	(32, 'OBAT LAIN YANG BEKERJA PADA SISTEM MUSKULOSKELETAL', 1, NULL, NULL, '2023-09-16 16:17:11', '2023-09-16 16:17:11'),
	(33, 'PREPARAT MULUT', 1, NULL, NULL, '2023-09-16 16:17:11', '2023-09-16 16:17:11'),
	(34, 'TENGGOROKAN', 1, NULL, NULL, '2023-09-16 16:17:11', '2023-09-16 16:17:11'),
	(35, 'OBAT  BATUK DAN PILEK', 1, NULL, NULL, '2023-09-16 16:17:11', '2023-09-16 16:17:11'),
	(36, 'OBAT ANTI INFLAMASI NON STEROID (OAINS)', 1, NULL, NULL, '2023-09-16 16:17:11', '2023-09-16 16:17:11'),
	(37, 'KORTIKOSTEROID TOPIKAL', 1, NULL, NULL, '2023-09-16 16:17:11', '2023-09-16 16:17:11'),
	(38, 'ANTIHISTAMIN DAN ANTIALERGI', 1, NULL, NULL, '2023-09-16 16:17:11', '2023-09-16 16:17:11'),
	(39, 'OBAT ANTIVERGO', 1, NULL, NULL, '2023-09-16 16:17:11', '2023-09-16 16:17:11'),
	(40, 'LAKSATIF, PENCAHAR', 1, NULL, NULL, '2023-09-16 16:17:11', '2023-09-16 16:17:11'),
	(41, 'ANTASID, OBAT ANTIREFLUKS & ANTIULSERI', 1, NULL, NULL, '2023-09-16 16:17:11', '2023-09-16 16:17:11'),
	(42, 'ANTIJAMUR DAN ANTIPARASIT TOPIKAL', 1, NULL, NULL, '2023-09-16 16:17:11', '2023-09-16 16:17:11'),
	(43, 'ELEKTROLIT', 1, NULL, NULL, '2023-09-16 16:17:11', '2023-09-16 16:17:11'),
	(44, 'PREPARAT ANOKTERAL', 1, NULL, NULL, '2023-09-16 16:17:12', '2023-09-16 16:17:12'),
	(45, 'KELUHAN PANAS DALAM', 1, NULL, NULL, '2023-09-16 16:20:27', '2023-09-16 16:20:27'),
	(46, 'ALAT KESEHATAN & MEDIS HABIS PAKAI', 1, NULL, NULL, '2023-09-17 07:30:40', '2023-09-17 08:31:20'),
	(47, 'ANTI HIPERTENSI DAN ANGINA', 1, NULL, NULL, '2023-09-17 07:30:41', '2023-09-17 07:30:41'),
	(48, 'OBAT BATUK & PILEK', 1, NULL, NULL, '2023-09-17 07:30:41', '2023-09-17 07:30:41'),
	(49, 'PREPARAT ANOREKTERAL', 1, NULL, NULL, '2023-09-17 07:30:41', '2023-09-17 07:30:41'),
	(50, 'PREPARAT MULUT & TENGGOROKAN', 1, NULL, NULL, '2023-09-17 07:30:41', '2023-09-17 07:30:41'),
	(51, 'ANALGESIK (NON OPIAT) DAN ANTIPERIK', 1, NULL, NULL, '2023-09-17 07:30:41', '2023-09-17 07:30:41'),
	(52, 'ANTIDIARE', 1, NULL, NULL, '2023-09-17 07:30:41', '2023-09-17 07:30:41'),
	(53, 'SEFALOSPORIN', 1, NULL, NULL, '2023-09-17 07:30:41', '2023-09-17 07:30:41'),
	(54, 'KLORAMFENIKOL', 1, NULL, NULL, '2023-09-17 07:30:41', '2023-09-17 07:30:41'),
	(55, 'ANTIJAMUR', 1, NULL, NULL, '2023-09-17 07:30:41', '2023-09-17 07:30:41'),
	(56, 'PREPARAT MATA GOLONGAN LAIN', 1, NULL, NULL, '2023-09-17 07:30:41', '2023-09-17 07:30:41'),
	(57, 'EMOLION DAN PELINDUNG KULIT', 1, NULL, NULL, '2023-09-17 07:30:41', '2023-09-17 07:30:41'),
	(58, 'VITAMIN A,D & E', 1, NULL, NULL, '2023-09-17 07:30:41', '2023-09-17 07:30:41'),
	(59, 'OBAT ANTI INFLAMASI NON STEROID', 1, NULL, NULL, '2023-09-17 07:30:41', '2023-09-17 07:30:41'),
	(60, 'ANTIBIOTIK TOPIKAL', 1, NULL, NULL, '2023-09-17 07:30:41', '2023-09-17 07:30:41'),
	(62, 'TES', 1, NULL, NULL, '2023-09-17 08:58:15', '2023-09-17 08:58:15'),
	(63, 'OBAT BATUK KERING KARENA ALERGI', 1, NULL, NULL, '2023-09-17 14:11:22', '2023-09-17 14:11:22'),
	(64, 'OBAT BATUK KERING DAN BERDAHAK', 1, NULL, NULL, '2023-09-17 14:21:12', '2023-09-17 14:21:12'),
	(65, 'OBAT BATUK DAN FLU', 1, NULL, NULL, '2023-09-17 14:38:31', '2023-09-17 14:38:31'),
	(87, 'OBAT BATUK BERDAHAK', 1, NULL, NULL, '2023-09-20 15:33:19', '2023-09-20 15:33:19'),
	(88, 'OBATA BATUK BERDAHAK KARENA ALERGI', 1, NULL, NULL, '2023-09-20 15:33:19', '2023-09-20 15:33:19'),
	(89, 'PERALATAN MINUN BAYI', 1, NULL, NULL, '2023-09-20 15:33:19', '2023-09-20 15:33:19'),
	(90, 'PERALATAN BAYI', 1, NULL, NULL, '2023-09-20 15:33:19', '2023-09-20 15:33:19'),
	(91, 'PERLATAN MINUM BAYI', 1, NULL, NULL, '2023-09-20 15:33:19', '2023-09-20 15:33:19'),
	(92, 'OBAT BATUK PILEK', 1, NULL, NULL, '2023-09-20 15:33:19', '2023-09-20 15:33:19');

-- Dumping structure for table laravel_filament.lokasis
CREATE TABLE IF NOT EXISTS `lokasis` (
  `id` bigint unsigned NOT NULL AUTO_INCREMENT,
  `nama` varchar(50) COLLATE utf8mb4_unicode_ci NOT NULL,
  `jenis` enum('gudang','rak') COLLATE utf8mb4_unicode_ci NOT NULL DEFAULT 'rak',
  `digunakan` tinyint(1) NOT NULL DEFAULT '1',
  `created_by` bigint unsigned DEFAULT NULL,
  `last_edited_by` bigint unsigned DEFAULT NULL,
  `created_at` timestamp NULL DEFAULT NULL,
  `updated_at` timestamp NULL DEFAULT NULL,
  PRIMARY KEY (`id`),
  UNIQUE KEY `lokasis_nama_unique` (`nama`),
  KEY `lokasi_created_by` (`created_by`),
  KEY `lokasi_last_edited_by` (`last_edited_by`),
  CONSTRAINT `lokasi_created_by` FOREIGN KEY (`created_by`) REFERENCES `users` (`id`),
  CONSTRAINT `lokasi_last_edited_by` FOREIGN KEY (`last_edited_by`) REFERENCES `users` (`id`)
) ENGINE=InnoDB AUTO_INCREMENT=25 DEFAULT CHARSET=utf8mb4 COLLATE=utf8mb4_unicode_ci;

-- Dumping data for table laravel_filament.lokasis: ~3 rows (approximately)
INSERT IGNORE INTO `lokasis` (`id`, `nama`, `jenis`, `digunakan`, `created_by`, `last_edited_by`, `created_at`, `updated_at`) VALUES
	(1, 'GUDANG UTAMA', 'gudang', 1, NULL, NULL, '2023-09-16 16:15:21', '2023-09-16 16:15:21'),
	(2, 'RAK A KOLOM 1', 'rak', 1, NULL, NULL, '2023-09-16 16:15:21', '2023-09-17 08:27:24'),
	(20, 'RAK 8 KOLOM C', 'rak', 1, NULL, NULL, '2023-09-20 15:33:19', '2023-09-20 15:33:19'),
	(21, 'RAK 2 KOLOM A', 'rak', 1, NULL, NULL, '2023-09-20 15:33:19', '2023-09-20 15:33:19'),
	(22, 'RAK 2 KOLOM B', 'rak', 1, NULL, NULL, '2023-09-20 15:33:19', '2023-09-20 15:33:19'),
	(23, 'RAK 2 KOLOM', 'rak', 1, NULL, NULL, '2023-09-20 15:33:19', '2023-09-20 15:33:19'),
	(24, 'RAK 1 KOLOM B', 'rak', 1, NULL, NULL, '2023-09-20 15:33:19', '2023-09-20 15:33:19');

-- Dumping structure for table laravel_filament.migrations
CREATE TABLE IF NOT EXISTS `migrations` (
  `id` int unsigned NOT NULL AUTO_INCREMENT,
  `migration` varchar(255) COLLATE utf8mb4_unicode_ci NOT NULL,
  `batch` int NOT NULL,
  PRIMARY KEY (`id`)
) ENGINE=InnoDB AUTO_INCREMENT=18 DEFAULT CHARSET=utf8mb4 COLLATE=utf8mb4_unicode_ci;

-- Dumping data for table laravel_filament.migrations: ~0 rows (approximately)
INSERT IGNORE INTO `migrations` (`id`, `migration`, `batch`) VALUES
	(1, '2014_10_12_000000_create_users_table', 1),
	(2, '2014_10_12_100000_create_password_reset_tokens_table', 1),
	(3, '2019_08_19_000000_create_failed_jobs_table', 1),
	(4, '2019_12_14_000001_create_personal_access_tokens_table', 1),
	(5, '2023_09_01_202231_create_permission_tables', 1),
	(6, '2023_09_02_043438_create_notifications_table', 1),
	(7, '2023_09_02_043446_create_sessions_table', 1),
	(8, '2023_09_03_011347_create_satuans_table', 1),
	(9, '2023_09_03_025212_create_kategoris_table', 1),
	(10, '2023_09_03_025225_create_produks_table', 1),
	(11, '2023_09_03_032355_create_multi_satuans_table', 1),
	(12, '2023_09_03_032522_produk_kategori', 1),
	(13, '2023_09_03_034048_create_pesanan_pembelians_table', 1),
	(14, '2023_09_14_174531_create_lokasis_table', 1),
	(15, '2023_09_16_073415_create_persediaans_table', 1),
	(16, '2023_09_16_114225_alter_column_harga_beli_harga_jual_to_multi_satuan_table', 1),
	(17, '2023_09_20_225257_drop_unique_index_barcode_produk', 2);

-- Dumping structure for table laravel_filament.model_has_permissions
CREATE TABLE IF NOT EXISTS `model_has_permissions` (
  `permission_id` bigint unsigned NOT NULL,
  `model_type` varchar(255) COLLATE utf8mb4_unicode_ci NOT NULL,
  `model_id` bigint unsigned NOT NULL,
  PRIMARY KEY (`permission_id`,`model_id`,`model_type`),
  KEY `model_has_permissions_model_id_model_type_index` (`model_id`,`model_type`),
  CONSTRAINT `model_has_permissions_permission_id_foreign` FOREIGN KEY (`permission_id`) REFERENCES `permissions` (`id`) ON DELETE CASCADE
) ENGINE=InnoDB DEFAULT CHARSET=utf8mb4 COLLATE=utf8mb4_unicode_ci;

-- Dumping data for table laravel_filament.model_has_permissions: ~0 rows (approximately)

-- Dumping structure for table laravel_filament.model_has_roles
CREATE TABLE IF NOT EXISTS `model_has_roles` (
  `role_id` bigint unsigned NOT NULL,
  `model_type` varchar(255) COLLATE utf8mb4_unicode_ci NOT NULL,
  `model_id` bigint unsigned NOT NULL,
  PRIMARY KEY (`role_id`,`model_id`,`model_type`),
  KEY `model_has_roles_model_id_model_type_index` (`model_id`,`model_type`),
  CONSTRAINT `model_has_roles_role_id_foreign` FOREIGN KEY (`role_id`) REFERENCES `roles` (`id`) ON DELETE CASCADE
) ENGINE=InnoDB DEFAULT CHARSET=utf8mb4 COLLATE=utf8mb4_unicode_ci;

-- Dumping data for table laravel_filament.model_has_roles: ~5 rows (approximately)
INSERT IGNORE INTO `model_has_roles` (`role_id`, `model_type`, `model_id`) VALUES
	(1, 'App\\Models\\User', 1),
	(2, 'App\\Models\\User', 2),
	(3, 'App\\Models\\User', 3),
	(4, 'App\\Models\\User', 4);

-- Dumping structure for table laravel_filament.multi_satuans
CREATE TABLE IF NOT EXISTS `multi_satuans` (
  `id` bigint unsigned NOT NULL AUTO_INCREMENT,
  `produk_id` bigint unsigned NOT NULL,
  `satuan_lanjutan` bigint unsigned NOT NULL,
  `nilai_konversi` int unsigned NOT NULL DEFAULT '1',
  `created_at` timestamp NULL DEFAULT NULL,
  `updated_at` timestamp NULL DEFAULT NULL,
  `harga_beli` decimal(12,2) NOT NULL DEFAULT '0.00',
  `harga_jual` decimal(12,2) NOT NULL DEFAULT '0.00',
  `diskon` decimal(12,2) NOT NULL DEFAULT '0.00',
  PRIMARY KEY (`id`),
  KEY `multi_satuans_produk_id_foreign` (`produk_id`),
  KEY `produk_multi_satuan` (`satuan_lanjutan`),
  CONSTRAINT `multi_satuans_produk_id_foreign` FOREIGN KEY (`produk_id`) REFERENCES `produks` (`id`),
  CONSTRAINT `produk_multi_satuan` FOREIGN KEY (`satuan_lanjutan`) REFERENCES `satuans` (`id`)
) ENGINE=InnoDB AUTO_INCREMENT=235 DEFAULT CHARSET=utf8mb4 COLLATE=utf8mb4_unicode_ci;

-- Dumping data for table laravel_filament.multi_satuans: ~125 rows (approximately)
INSERT IGNORE INTO `multi_satuans` (`id`, `produk_id`, `satuan_lanjutan`, `nilai_konversi`, `created_at`, `updated_at`, `harga_beli`, `harga_jual`, `diskon`) VALUES
	(105, 411, 6, 12, '2023-09-16 16:20:27', '2023-09-16 16:20:27', 0.00, 0.00, 0.00),
	(106, 412, 6, 5, '2023-09-16 16:20:27', '2023-09-16 16:20:27', 0.00, 0.00, 0.00),
	(107, 413, 6, 25, '2023-09-16 16:20:27', '2023-09-16 16:20:27', 0.00, 0.00, 0.00),
	(108, 419, 6, 10, '2023-09-16 16:20:27', '2023-09-16 16:20:27', 0.00, 0.00, 0.00),
	(109, 419, 16, 100, '2023-09-16 16:20:27', '2023-09-16 16:20:27', 0.00, 0.00, 0.00),
	(110, 420, 6, 12, '2023-09-16 16:20:27', '2023-09-16 16:20:27', 0.00, 0.00, 0.00),
	(111, 421, 6, 12, '2023-09-16 16:20:27', '2023-09-16 16:20:27', 0.00, 0.00, 0.00),
	(112, 422, 6, 3, '2023-09-16 16:20:27', '2023-09-16 16:20:27', 0.00, 0.00, 0.00),
	(113, 422, 16, 30, '2023-09-16 16:20:27', '2023-09-16 16:20:27', 0.00, 0.00, 0.00),
	(114, 437, 6, 12, '2023-09-16 16:20:27', '2023-09-16 16:20:27', 0.00, 0.00, 0.00),
	(115, 446, 6, 10, '2023-09-16 16:20:27', '2023-09-16 16:20:27', 0.00, 0.00, 0.00),
	(116, 446, 16, 100, '2023-09-16 16:20:27', '2023-09-16 16:20:27', 0.00, 0.00, 0.00),
	(117, 447, 6, 10, '2023-09-16 16:20:27', '2023-09-16 16:20:27', 0.00, 0.00, 0.00),
	(118, 447, 16, 100, '2023-09-16 16:20:27', '2023-09-16 16:20:27', 0.00, 0.00, 0.00),
	(119, 450, 6, 12, '2023-09-16 16:20:27', '2023-09-16 16:20:27', 0.00, 0.00, 0.00),
	(120, 451, 6, 12, '2023-09-16 16:20:27', '2023-09-16 16:20:27', 0.00, 0.00, 0.00),
	(121, 452, 6, 10, '2023-09-16 16:20:27', '2023-09-16 16:20:27', 0.00, 0.00, 0.00),
	(122, 453, 6, 10, '2023-09-16 16:20:27', '2023-09-16 16:20:27', 0.00, 0.00, 0.00),
	(123, 454, 6, 10, '2023-09-16 16:20:27', '2023-09-16 16:20:27', 0.00, 0.00, 0.00),
	(124, 457, 6, 5, '2023-09-16 16:20:27', '2023-09-16 16:20:27', 0.00, 0.00, 0.00),
	(125, 457, 16, 50, '2023-09-16 16:20:27', '2023-09-16 16:20:27', 0.00, 0.00, 0.00),
	(126, 464, 6, 25, '2023-09-16 16:20:27', '2023-09-16 16:20:27', 0.00, 0.00, 0.00),
	(127, 464, 11, 50, '2023-09-16 16:20:27', '2023-09-16 16:20:27', 0.00, 0.00, 0.00),
	(128, 467, 6, 5, '2023-09-16 16:20:27', '2023-09-16 16:20:27', 0.00, 0.00, 0.00),
	(129, 467, 16, 50, '2023-09-16 16:20:27', '2023-09-16 16:20:27', 0.00, 0.00, 0.00),
	(130, 471, 6, 25, '2023-09-16 16:20:27', '2023-09-16 16:20:27', 0.00, 0.00, 0.00),
	(131, 471, 11, 100, '2023-09-16 16:20:27', '2023-09-16 16:20:27', 0.00, 0.00, 0.00),
	(132, 474, 7, 10, '2023-09-16 16:20:27', '2023-09-16 16:20:27', 0.00, 0.00, 0.00),
	(133, 474, 11, 100, '2023-09-16 16:20:27', '2023-09-16 16:20:27', 0.00, 0.00, 0.00),
	(134, 475, 6, 10, '2023-09-16 16:20:27', '2023-09-16 16:20:27', 0.00, 0.00, 0.00),
	(135, 476, 6, 10, '2023-09-16 16:20:27', '2023-09-16 16:20:27', 0.00, 0.00, 0.00),
	(136, 479, 6, 25, '2023-09-16 16:20:27', '2023-09-16 16:20:27', 0.00, 0.00, 0.00),
	(137, 479, 11, 100, '2023-09-16 16:20:27', '2023-09-16 16:20:27', 0.00, 0.00, 0.00),
	(138, 480, 6, 25, '2023-09-16 16:20:27', '2023-09-16 16:20:27', 0.00, 0.00, 0.00),
	(139, 480, 11, 100, '2023-09-16 16:20:27', '2023-09-16 16:20:27', 0.00, 0.00, 0.00),
	(140, 481, 14, 12, '2023-09-16 16:20:27', '2023-09-16 16:20:27', 0.00, 0.00, 0.00),
	(141, 482, 14, 12, '2023-09-16 16:20:27', '2023-09-16 16:20:27', 0.00, 0.00, 0.00),
	(142, 483, 14, 12, '2023-09-16 16:20:27', '2023-09-16 16:20:27', 0.00, 0.00, 0.00),
	(143, 488, 6, 6, '2023-09-16 16:20:27', '2023-09-16 16:20:27', 0.00, 0.00, 0.00),
	(144, 489, 6, 6, '2023-09-16 16:20:27', '2023-09-16 16:20:27', 0.00, 0.00, 0.00),
	(145, 490, 6, 6, '2023-09-16 16:20:27', '2023-09-16 16:20:27', 0.00, 0.00, 0.00),
	(146, 492, 6, 12, '2023-09-16 16:20:27', '2023-09-16 16:20:27', 0.00, 0.00, 0.00),
	(147, 494, 6, 12, '2023-09-16 16:20:27', '2023-09-16 16:20:27', 0.00, 0.00, 0.00),
	(148, 500, 6, 10, '2023-09-16 16:20:27', '2023-09-16 16:20:27', 0.00, 0.00, 0.00),
	(149, 500, 16, 100, '2023-09-16 16:20:27', '2023-09-16 16:20:27', 0.00, 0.00, 0.00),
	(150, 502, 6, 1, '2023-09-16 16:20:27', '2023-09-16 16:20:27', 0.00, 0.00, 0.00),
	(151, 502, 16, 5, '2023-09-16 16:20:27', '2023-09-16 16:20:27', 0.00, 0.00, 0.00),
	(152, 503, 6, 1, '2023-09-16 16:20:27', '2023-09-16 16:20:27', 0.00, 0.00, 0.00),
	(153, 503, 16, 6, '2023-09-16 16:20:27', '2023-09-16 16:20:27', 0.00, 0.00, 0.00),
	(154, 504, 6, 20, '2023-09-16 16:20:27', '2023-09-16 16:20:27', 0.00, 0.00, 0.00),
	(155, 504, 1, 20, '2023-09-16 16:20:27', '2023-09-16 16:20:27', 0.00, 0.00, 0.00),
	(156, 504, 16, 80, '2023-09-16 16:20:27', '2023-09-16 16:20:27', 0.00, 0.00, 0.00),
	(157, 508, 6, 10, '2023-09-16 16:20:27', '2023-09-16 16:20:27', 0.00, 0.00, 0.00),
	(158, 508, 16, 100, '2023-09-16 16:20:27', '2023-09-16 16:20:27', 0.00, 0.00, 0.00),
	(159, 513, 6, 3, '2023-09-16 16:20:27', '2023-09-16 16:20:27', 0.00, 0.00, 0.00),
	(160, 550, 6, 10, '2023-09-16 16:20:27', '2023-09-16 16:20:27', 0.00, 0.00, 0.00),
	(161, 551, 6, 1, '2023-09-16 16:20:27', '2023-09-16 16:20:27', 0.00, 0.00, 0.00),
	(162, 551, 16, 10, '2023-09-16 16:20:27', '2023-09-16 16:20:27', 0.00, 0.00, 0.00),
	(163, 556, 6, 12, '2023-09-16 16:20:27', '2023-09-16 16:20:27', 0.00, 0.00, 0.00),
	(164, 557, 6, 12, '2023-09-16 16:20:27', '2023-09-16 16:20:27', 0.00, 0.00, 0.00),
	(165, 557, 16, 48, '2023-09-16 16:20:27', '2023-09-16 16:20:27', 0.00, 0.00, 0.00),
	(166, 572, 6, 30, '2023-09-16 16:20:27', '2023-09-16 16:20:27', 0.00, 0.00, 0.00),
	(167, 573, 6, 30, '2023-09-16 16:20:27', '2023-09-16 16:20:27', 0.00, 0.00, 0.00),
	(168, 574, 6, 30, '2023-09-16 16:20:27', '2023-09-16 16:20:27', 0.00, 0.00, 0.00),
	(169, 575, 6, 30, '2023-09-16 16:20:27', '2023-09-16 16:20:27', 0.00, 0.00, 0.00),
	(170, 589, 6, 6, '2023-09-16 16:20:27', '2023-09-16 16:20:27', 0.00, 0.00, 0.00),
	(171, 590, 6, 6, '2023-09-16 16:20:27', '2023-09-16 16:20:27', 0.00, 0.00, 0.00),
	(172, 604, 6, 10, '2023-09-16 16:20:27', '2023-09-16 16:20:27', 0.00, 0.00, 0.00),
	(173, 606, 6, 25, '2023-09-16 16:20:27', '2023-09-16 16:20:27', 0.00, 0.00, 0.00),
	(174, 606, 11, 100, '2023-09-16 16:20:27', '2023-09-16 16:20:27', 0.00, 0.00, 0.00),
	(175, 607, 6, 12, '2023-09-16 16:20:27', '2023-09-16 16:20:27', 0.00, 0.00, 0.00),
	(176, 614, 6, 10, '2023-09-16 16:20:27', '2023-09-16 16:20:27', 0.00, 0.00, 0.00),
	(177, 614, 16, 100, '2023-09-16 16:20:27', '2023-09-16 16:20:27', 0.00, 0.00, 0.00),
	(178, 652, 6, 12, '2023-09-16 16:20:28', '2023-09-16 16:20:28', 0.00, 0.00, 0.00),
	(179, 653, 6, 12, '2023-09-16 16:20:28', '2023-09-16 16:20:28', 0.00, 0.00, 0.00),
	(180, 654, 6, 12, '2023-09-16 16:20:28', '2023-09-16 16:20:28', 0.00, 0.00, 0.00),
	(181, 654, 17, 72, '2023-09-16 16:20:28', '2023-09-16 16:20:28', 0.00, 0.00, 0.00),
	(182, 655, 6, 12, '2023-09-16 16:20:28', '2023-09-16 16:20:28', 0.00, 0.00, 0.00),
	(183, 655, 17, 72, '2023-09-16 16:20:28', '2023-09-16 16:20:28', 0.00, 0.00, 0.00),
	(184, 656, 6, 12, '2023-09-16 16:20:28', '2023-09-16 16:20:28', 0.00, 0.00, 0.00),
	(185, 657, 6, 3, '2023-09-16 16:20:28', '2023-09-16 16:20:28', 0.00, 0.00, 0.00),
	(186, 728, 6, 4, '2023-09-16 16:20:28', '2023-09-16 16:20:28', 0.00, 0.00, 0.00),
	(187, 728, 11, 16, '2023-09-16 16:20:28', '2023-09-16 16:20:28', 0.00, 0.00, 0.00),
	(188, 730, 6, 25, '2023-09-16 16:20:28', '2023-09-16 16:20:28', 0.00, 0.00, 0.00),
	(189, 730, 11, 100, '2023-09-16 16:20:28', '2023-09-16 16:20:28', 0.00, 0.00, 0.00),
	(190, 732, 6, 100, '2023-09-16 16:20:28', '2023-09-16 16:20:28', 0.00, 0.00, 0.00),
	(191, 744, 6, 12, '2023-09-16 16:20:28', '2023-09-16 16:20:28', 0.00, 0.00, 0.00),
	(192, 744, 17, 144, '2023-09-16 16:20:28', '2023-09-16 16:20:28', 0.00, 0.00, 0.00),
	(193, 745, 6, 10, '2023-09-16 16:20:28', '2023-09-16 16:20:28', 0.00, 0.00, 0.00),
	(194, 745, 17, 60, '2023-09-16 16:20:28', '2023-09-16 16:20:28', 0.00, 0.00, 0.00),
	(195, 749, 6, 10, '2023-09-16 16:20:28', '2023-09-16 16:20:28', 0.00, 0.00, 0.00),
	(196, 751, 6, 24, '2023-09-16 16:20:28', '2023-09-16 16:20:28', 0.00, 0.00, 0.00),
	(197, 751, 11, 144, '2023-09-16 16:20:28', '2023-09-16 16:20:28', 0.00, 0.00, 0.00),
	(198, 763, 6, 12, '2023-09-16 16:20:28', '2023-09-16 16:20:28', 0.00, 0.00, 0.00),
	(199, 764, 6, 12, '2023-09-16 16:20:28', '2023-09-16 16:20:28', 0.00, 0.00, 0.00),
	(200, 775, 6, 10, '2023-09-16 16:20:28', '2023-09-16 16:20:28', 0.00, 0.00, 0.00),
	(201, 775, 17, 240, '2023-09-16 16:20:28', '2023-09-16 16:20:28', 0.00, 0.00, 0.00),
	(202, 777, 6, 25, '2023-09-16 16:20:28', '2023-09-16 16:20:28', 0.00, 0.00, 0.00),
	(203, 777, 11, 100, '2023-09-16 16:20:28', '2023-09-16 16:20:28', 0.00, 0.00, 0.00),
	(204, 789, 6, 6, '2023-09-16 16:20:28', '2023-09-16 16:20:28', 0.00, 0.00, 0.00),
	(205, 794, 13, 50, '2023-09-16 16:20:28', '2023-09-16 16:20:28', 0.00, 0.00, 0.00),
	(206, 795, 13, 100, '2023-09-16 16:20:28', '2023-09-16 16:20:28', 0.00, 0.00, 0.00),
	(207, 801, 6, 12, '2023-09-16 16:20:28', '2023-09-16 16:20:28', 0.00, 0.00, 0.00),
	(208, 802, 6, 12, '2023-09-16 16:20:28', '2023-09-16 16:20:28', 0.00, 0.00, 0.00),
	(209, 803, 6, 3, '2023-09-16 16:20:28', '2023-09-16 16:20:28', 0.00, 0.00, 0.00),
	(210, 804, 6, 3, '2023-09-16 16:20:28', '2023-09-16 16:20:28', 0.00, 0.00, 0.00),
	(211, 805, 6, 12, '2023-09-16 16:20:28', '2023-09-16 16:20:28', 0.00, 0.00, 0.00),
	(212, 810, 6, 100, '2023-09-17 07:30:41', '2023-09-17 07:30:41', 0.00, 0.00, 0.00),
	(213, 812, 6, 100, '2023-09-17 07:30:41', '2023-09-17 07:30:41', 0.00, 0.00, 0.00),
	(214, 813, 6, 100, '2023-09-17 07:30:41', '2023-09-17 07:30:41', 0.00, 0.00, 0.00),
	(215, 814, 6, 25, '2023-09-17 07:30:41', '2023-09-17 07:30:41', 0.00, 0.00, 0.00),
	(216, 820, 6, 10, '2023-09-17 07:30:41', '2023-09-17 07:30:41', 0.00, 0.00, 0.00),
	(217, 820, 11, 100, '2023-09-17 07:30:41', '2023-09-17 07:30:41', 0.00, 0.00, 0.00),
	(218, 828, 6, 20, '2023-09-17 07:30:41', '2023-09-17 07:30:41', 0.00, 0.00, 0.00),
	(219, 828, 16, 80, '2023-09-17 07:30:41', '2023-09-17 07:30:41', 0.00, 0.00, 0.00),
	(220, 829, 6, 5, '2023-09-17 07:30:41', '2023-09-17 07:30:41', 0.00, 0.00, 0.00),
	(221, 830, 6, 5, '2023-09-17 07:30:41', '2023-09-17 07:30:41', 0.00, 0.00, 0.00),
	(222, 836, 6, 25, '2023-09-17 07:30:41', '2023-09-17 07:30:41', 0.00, 0.00, 0.00),
	(223, 836, 11, 100, '2023-09-17 07:30:41', '2023-09-17 07:30:41', 0.00, 0.00, 0.00),
	(224, 840, 6, 25, '2023-09-17 07:30:41', '2023-09-17 07:30:41', 0.00, 0.00, 0.00),
	(225, 840, 11, 100, '2023-09-17 07:30:41', '2023-09-17 07:30:41', 0.00, 0.00, 0.00),
	(226, 855, 6, 10, '2023-09-17 07:30:41', '2023-09-17 07:30:41', 0.00, 0.00, 0.00),
	(227, 855, 11, 100, '2023-09-17 07:30:41', '2023-09-17 07:30:41', 0.00, 0.00, 0.00),
	(233, 867, 6, 12, '2023-09-17 14:06:25', '2023-09-17 14:06:25', 0.00, 0.00, 0.00),
	(234, 867, 11, 60, '2023-09-17 14:06:25', '2023-09-17 14:06:25', 0.00, 0.00, 0.00);

-- Dumping structure for table laravel_filament.notifications
CREATE TABLE IF NOT EXISTS `notifications` (
  `id` char(36) COLLATE utf8mb4_unicode_ci NOT NULL,
  `type` varchar(255) COLLATE utf8mb4_unicode_ci NOT NULL,
  `notifiable_type` varchar(255) COLLATE utf8mb4_unicode_ci NOT NULL,
  `notifiable_id` bigint unsigned NOT NULL,
  `data` text COLLATE utf8mb4_unicode_ci NOT NULL,
  `read_at` timestamp NULL DEFAULT NULL,
  `created_at` timestamp NULL DEFAULT NULL,
  `updated_at` timestamp NULL DEFAULT NULL,
  PRIMARY KEY (`id`),
  KEY `notifications_notifiable_type_notifiable_id_index` (`notifiable_type`,`notifiable_id`)
) ENGINE=InnoDB DEFAULT CHARSET=utf8mb4 COLLATE=utf8mb4_unicode_ci;

-- Dumping data for table laravel_filament.notifications: ~0 rows (approximately)

-- Dumping structure for table laravel_filament.password_reset_tokens
CREATE TABLE IF NOT EXISTS `password_reset_tokens` (
  `email` varchar(255) COLLATE utf8mb4_unicode_ci NOT NULL,
  `token` varchar(255) COLLATE utf8mb4_unicode_ci NOT NULL,
  `created_at` timestamp NULL DEFAULT NULL,
  PRIMARY KEY (`email`)
) ENGINE=InnoDB DEFAULT CHARSET=utf8mb4 COLLATE=utf8mb4_unicode_ci;

-- Dumping data for table laravel_filament.password_reset_tokens: ~0 rows (approximately)

-- Dumping structure for table laravel_filament.permissions
CREATE TABLE IF NOT EXISTS `permissions` (
  `id` bigint unsigned NOT NULL AUTO_INCREMENT,
  `name` varchar(255) COLLATE utf8mb4_unicode_ci NOT NULL,
  `alias` varchar(255) COLLATE utf8mb4_unicode_ci NOT NULL,
  `group` varchar(255) COLLATE utf8mb4_unicode_ci NOT NULL,
  `guard_name` varchar(255) COLLATE utf8mb4_unicode_ci NOT NULL,
  `created_at` timestamp NULL DEFAULT NULL,
  `updated_at` timestamp NULL DEFAULT NULL,
  PRIMARY KEY (`id`),
  UNIQUE KEY `permissions_name_guard_name_unique` (`name`,`guard_name`)
) ENGINE=InnoDB AUTO_INCREMENT=36 DEFAULT CHARSET=utf8mb4 COLLATE=utf8mb4_unicode_ci;

-- Dumping data for table laravel_filament.permissions: ~35 rows (approximately)
INSERT IGNORE INTO `permissions` (`id`, `name`, `alias`, `group`, `guard_name`, `created_at`, `updated_at`) VALUES
	(1, 'user: view-any', 'Lihat Daftar Pengguna', 'Manajemen Pengguna', 'web', '2023-09-16 16:15:07', '2023-09-16 16:15:07'),
	(2, 'user: view', 'Lihat Detail Pengguna', 'Manajemen Pengguna', 'web', '2023-09-16 16:15:07', '2023-09-16 16:15:07'),
	(3, 'user: create', 'Buat Data Pengguna', 'Manajemen Pengguna', 'web', '2023-09-16 16:15:07', '2023-09-16 16:15:07'),
	(4, 'user: update', 'Ubah Data Pengguna', 'Manajemen Pengguna', 'web', '2023-09-16 16:15:07', '2023-09-16 16:15:07'),
	(5, 'user: delete', 'Hapus Data Pengguna', 'Manajemen Pengguna', 'web', '2023-09-16 16:15:07', '2023-09-16 16:15:07'),
	(6, 'user: change-password', 'Ubah Password Pengguna', 'Manajemen Pengguna', 'web', '2023-09-16 16:15:07', '2023-09-16 16:15:07'),
	(7, 'user: change-role', 'Ubah Grup Pengguna', 'Manajemen Pengguna', 'web', '2023-09-16 16:15:07', '2023-09-16 16:15:07'),
	(8, 'role: view-any', 'Lihat Daftar Grup Pengguna', 'Manajemen Grup Pengguna', 'web', '2023-09-16 16:15:07', '2023-09-16 16:15:07'),
	(9, 'role: view', 'Lihat Detail Grup Pengguna', 'Manajemen Grup Pengguna', 'web', '2023-09-16 16:15:07', '2023-09-16 16:15:07'),
	(10, 'role: create', 'Buat Grup Pengguna', 'Manajemen Grup Pengguna', 'web', '2023-09-16 16:15:07', '2023-09-16 16:15:07'),
	(11, 'role: update', 'Ubah Grup Pengguna', 'Manajemen Grup Pengguna', 'web', '2023-09-16 16:15:08', '2023-09-16 16:15:08'),
	(12, 'role: delete', 'Hapus Grup Pengguna', 'Manajemen Grup Pengguna', 'web', '2023-09-16 16:15:08', '2023-09-16 16:15:08'),
	(13, 'permission: view-any', 'Lihat Daftar Izin Akses', 'Manajemen Izin Pnegguna', 'web', '2023-09-16 16:15:08', '2023-09-16 16:15:08'),
	(14, 'unit: view-any', 'Lihat Daftar Satuan', 'Manajemen Satuan', 'web', '2023-09-16 16:15:08', '2023-09-16 16:15:08'),
	(15, 'unit: view', 'Lihat Detail Satuan', 'Manajemen Satuan', 'web', '2023-09-16 16:15:08', '2023-09-16 16:15:08'),
	(16, 'unit: create', 'Buat Data Satuan', 'Manajemen Satuan', 'web', '2023-09-16 16:15:08', '2023-09-16 16:15:08'),
	(17, 'unit: update', 'Ubah Data Satuan', 'Manajemen Satuan', 'web', '2023-09-16 16:15:09', '2023-09-16 16:15:09'),
	(18, 'unit: delete', 'Hapus Data Satuan', 'Manajemen Satuan', 'web', '2023-09-16 16:15:09', '2023-09-16 16:15:09'),
	(19, 'category: view-any', 'Lihat Daftar Kategori', 'Manajemen Kategori', 'web', '2023-09-16 16:15:09', '2023-09-16 16:15:09'),
	(20, 'category: view', 'Lihat Detail Kategori', 'Manajemen Kategori', 'web', '2023-09-16 16:15:09', '2023-09-16 16:15:09'),
	(21, 'category: create', 'Buat Data Kategori', 'Manajemen Kategori', 'web', '2023-09-16 16:15:09', '2023-09-16 16:15:09'),
	(22, 'category: update', 'Ubah Data Kategori', 'Manajemen Kategori', 'web', '2023-09-16 16:15:09', '2023-09-16 16:15:09'),
	(23, 'category: delete', 'Hapus Data Kategori', 'Manajemen Kategori', 'web', '2023-09-16 16:15:09', '2023-09-16 16:15:09'),
	(24, 'location: view-any', 'Lihat Daftar Kategori', 'Manajemen Kategori', 'web', '2023-09-16 16:15:09', '2023-09-16 16:15:09'),
	(25, 'location: view', 'Lihat Detail Kategori', 'Manajemen Kategori', 'web', '2023-09-16 16:15:10', '2023-09-16 16:15:10'),
	(26, 'location: create', 'Buat Data Kategori', 'Manajemen Kategori', 'web', '2023-09-16 16:15:10', '2023-09-16 16:15:10'),
	(27, 'location: update', 'Ubah Data Kategori', 'Manajemen Kategori', 'web', '2023-09-16 16:15:10', '2023-09-16 16:15:10'),
	(28, 'location: delete', 'Hapus Data Kategori', 'Manajemen Kategori', 'web', '2023-09-16 16:15:10', '2023-09-16 16:15:10'),
	(29, 'product: view-any', 'Lihat Daftar Produk', 'Manajemen Produk', 'web', '2023-09-16 16:15:10', '2023-09-16 16:15:10'),
	(30, 'product: view', 'Lihat Detail Produk', 'Manajemen Produk', 'web', '2023-09-16 16:15:10', '2023-09-16 16:15:10'),
	(31, 'product: create', 'Buat Data Produk', 'Manajemen Produk', 'web', '2023-09-16 16:15:10', '2023-09-16 16:15:10'),
	(32, 'product: update', 'Ubah Data Produk', 'Manajemen Produk', 'web', '2023-09-16 16:15:10', '2023-09-16 16:15:10'),
	(33, 'product: delete', 'Hapus Data Produk', 'Manajemen Produk', 'web', '2023-09-16 16:15:11', '2023-09-16 16:15:11'),
	(34, 'product: import', 'Import Data Produk', 'Manajemen Produk', 'web', '2023-09-16 16:15:11', '2023-09-16 16:15:11'),
	(35, 'product: export', 'Export Data Produk', 'Manajemen Produk', 'web', '2023-09-16 16:15:11', '2023-09-16 16:15:11');

-- Dumping structure for table laravel_filament.persediaans
CREATE TABLE IF NOT EXISTS `persediaans` (
  `id` bigint unsigned NOT NULL AUTO_INCREMENT,
  `produk_id` bigint unsigned NOT NULL,
  `lokasi_id` bigint unsigned NOT NULL,
  `satuan_id` bigint unsigned NOT NULL,
  `no_batch` varchar(50) COLLATE utf8mb4_unicode_ci DEFAULT NULL,
  `tgl_exp` date DEFAULT NULL,
  `harga_beli` decimal(12,2) NOT NULL DEFAULT '0.00',
  `stok` decimal(7,2) NOT NULL DEFAULT '0.00',
  `created_at` timestamp NULL DEFAULT NULL,
  `updated_at` timestamp NULL DEFAULT NULL,
  PRIMARY KEY (`id`),
  KEY `persediaans_produk_id_foreign` (`produk_id`),
  KEY `persediaans_lokasi_id_foreign` (`lokasi_id`),
  KEY `persediaans_satuan_id_foreign` (`satuan_id`),
  CONSTRAINT `persediaans_lokasi_id_foreign` FOREIGN KEY (`lokasi_id`) REFERENCES `lokasis` (`id`),
  CONSTRAINT `persediaans_produk_id_foreign` FOREIGN KEY (`produk_id`) REFERENCES `produks` (`id`),
  CONSTRAINT `persediaans_satuan_id_foreign` FOREIGN KEY (`satuan_id`) REFERENCES `satuans` (`id`)
) ENGINE=InnoDB DEFAULT CHARSET=utf8mb4 COLLATE=utf8mb4_unicode_ci;

-- Dumping data for table laravel_filament.persediaans: ~0 rows (approximately)

-- Dumping structure for table laravel_filament.personal_access_tokens
CREATE TABLE IF NOT EXISTS `personal_access_tokens` (
  `id` bigint unsigned NOT NULL AUTO_INCREMENT,
  `tokenable_type` varchar(255) COLLATE utf8mb4_unicode_ci NOT NULL,
  `tokenable_id` bigint unsigned NOT NULL,
  `name` varchar(255) COLLATE utf8mb4_unicode_ci NOT NULL,
  `token` varchar(64) COLLATE utf8mb4_unicode_ci NOT NULL,
  `abilities` text COLLATE utf8mb4_unicode_ci,
  `last_used_at` timestamp NULL DEFAULT NULL,
  `expires_at` timestamp NULL DEFAULT NULL,
  `created_at` timestamp NULL DEFAULT NULL,
  `updated_at` timestamp NULL DEFAULT NULL,
  PRIMARY KEY (`id`),
  UNIQUE KEY `personal_access_tokens_token_unique` (`token`),
  KEY `personal_access_tokens_tokenable_type_tokenable_id_index` (`tokenable_type`,`tokenable_id`)
) ENGINE=InnoDB DEFAULT CHARSET=utf8mb4 COLLATE=utf8mb4_unicode_ci;

-- Dumping data for table laravel_filament.personal_access_tokens: ~0 rows (approximately)

-- Dumping structure for table laravel_filament.pesanan_pembelians
CREATE TABLE IF NOT EXISTS `pesanan_pembelians` (
  `id` bigint unsigned NOT NULL AUTO_INCREMENT,
  `nomor_pesanan` varchar(40) COLLATE utf8mb4_unicode_ci NOT NULL,
  `tanggal_pesanan` date NOT NULL,
  `created_at` timestamp NULL DEFAULT NULL,
  `updated_at` timestamp NULL DEFAULT NULL,
  PRIMARY KEY (`id`)
) ENGINE=InnoDB DEFAULT CHARSET=utf8mb4 COLLATE=utf8mb4_unicode_ci;

-- Dumping data for table laravel_filament.pesanan_pembelians: ~0 rows (approximately)

-- Dumping structure for table laravel_filament.produks
CREATE TABLE IF NOT EXISTS `produks` (
  `id` bigint unsigned NOT NULL AUTO_INCREMENT,
  `kode` varchar(40) COLLATE utf8mb4_unicode_ci DEFAULT NULL,
  `barcode` varchar(50) COLLATE utf8mb4_unicode_ci DEFAULT NULL,
  `nama` varchar(150) COLLATE utf8mb4_unicode_ci NOT NULL,
  `satuan_id` bigint unsigned DEFAULT NULL,
  `deskripsi` varchar(255) COLLATE utf8mb4_unicode_ci DEFAULT NULL,
  `pabrik` varchar(255) COLLATE utf8mb4_unicode_ci DEFAULT NULL,
  `kemasan` varchar(255) COLLATE utf8mb4_unicode_ci DEFAULT NULL,
  `minimal_stok` int unsigned NOT NULL DEFAULT '0',
  `diskon` decimal(5,2) unsigned NOT NULL DEFAULT '0.00',
  `harga_beli` decimal(12,2) unsigned NOT NULL DEFAULT '0.00',
  `harga_jual` decimal(12,2) unsigned NOT NULL DEFAULT '0.00',
  `margin_harga` decimal(5,2) unsigned NOT NULL DEFAULT '100.00',
  `digunakan` tinyint(1) NOT NULL DEFAULT '1',
  `created_by` bigint unsigned DEFAULT NULL,
  `last_edited_by` bigint unsigned DEFAULT NULL,
  `created_at` timestamp NULL DEFAULT NULL,
  `updated_at` timestamp NULL DEFAULT NULL,
  PRIMARY KEY (`id`),
  UNIQUE KEY `produks_nama_unique` (`nama`),
  UNIQUE KEY `produks_kode_unique` (`kode`),
  KEY `produks_satuan_id_foreign` (`satuan_id`),
  KEY `produk_created_by` (`created_by`),
  KEY `produk_last_edited_by` (`last_edited_by`),
  CONSTRAINT `produk_created_by` FOREIGN KEY (`created_by`) REFERENCES `users` (`id`) ON DELETE SET NULL,
  CONSTRAINT `produk_last_edited_by` FOREIGN KEY (`last_edited_by`) REFERENCES `users` (`id`) ON DELETE SET NULL,
  CONSTRAINT `produks_satuan_id_foreign` FOREIGN KEY (`satuan_id`) REFERENCES `satuans` (`id`) ON DELETE SET NULL
) ENGINE=InnoDB AUTO_INCREMENT=945 DEFAULT CHARSET=utf8mb4 COLLATE=utf8mb4_unicode_ci;

-- Dumping data for table laravel_filament.produks: ~491 rows (approximately)
INSERT IGNORE INTO `produks` (`id`, `kode`, `barcode`, `nama`, `satuan_id`, `deskripsi`, `pabrik`, `kemasan`, `minimal_stok`, `diskon`, `harga_beli`, `harga_jual`, `margin_harga`, `digunakan`, `created_by`, `last_edited_by`, `created_at`, `updated_at`) VALUES
	(409, NULL, NULL, 'ACTIFED PLUS COUGH SUPPRESANT 60 ML', 2, NULL, 'GlaxoSmithKline (GSK)', '1 BOTOL', 0, 0.00, 52400.00, 63000.00, 100.00, 1, NULL, NULL, '2023-09-16 16:20:27', '2023-09-17 12:56:27'),
	(410, NULL, NULL, 'ACTIFED PLUS PLUS EXPECTORAN 60 ML', 2, NULL, 'GlaxoSmithKline (GSK)', '1 BOTOL', 0, 0.00, 52400.00, 63000.00, 100.00, 1, NULL, NULL, '2023-09-16 16:20:27', '2023-09-17 12:56:59'),
	(411, NULL, NULL, 'ADEMSARI HANGER', 17, NULL, 'ENESIS GROUP', '1 BOX X 12 SACHET', 0, 0.00, 2000.00, 2400.00, 100.00, 1, NULL, NULL, '2023-09-16 16:20:27', '2023-09-16 16:20:27'),
	(412, NULL, NULL, 'ADEMSARI KOTAK', 17, NULL, 'ENESIS GROUP', '1 BOX X 5 SACHET', 0, 0.00, 2600.00, 3120.00, 100.00, 1, NULL, NULL, '2023-09-16 16:20:27', '2023-09-16 16:20:27'),
	(413, NULL, NULL, 'AKURAT STRIP', 11, NULL, 'DANPAC PHARM', '1 BOX X 25 STRIP', 0, 0.00, 9500.00, 11400.00, 100.00, 1, NULL, NULL, '2023-09-16 16:20:27', '2023-09-16 16:20:27'),
	(414, NULL, NULL, 'ALANGSARI JERUK', 17, NULL, NULL, '1 SACHET', 0, 0.00, 1000.00, 1200.00, 100.00, 1, NULL, NULL, '2023-09-16 16:20:27', '2023-09-17 14:24:46'),
	(415, NULL, NULL, 'ALCO PLUS DMP SYRUP', 2, NULL, 'INTERBAT', '1 BOTOL', 0, 0.00, 53000.00, 63600.00, 100.00, 1, NULL, NULL, '2023-09-16 16:20:27', '2023-09-16 16:20:27'),
	(416, NULL, NULL, 'ALCO PLUS SYRUP', 2, NULL, 'INTERBAT', '1 BOTOL', 0, 0.00, 65000.00, 78000.00, 100.00, 1, NULL, NULL, '2023-09-16 16:20:27', '2023-09-16 16:20:27'),
	(417, NULL, NULL, 'ALLERIN EXP SYRUP 120ML', 2, NULL, 'DARYA VARIA', '1 BOTOL', 0, 0.00, 18769.00, 22523.00, 100.00, 1, NULL, NULL, '2023-09-16 16:20:27', '2023-09-16 16:20:27'),
	(418, NULL, NULL, 'ALLERIN EXP SYRUP 60 ML', 2, NULL, 'DARYA VARIA', '1 BOTOL', 0, 0.00, 10500.00, 12500.00, 100.00, 1, NULL, NULL, '2023-09-16 16:20:27', '2023-09-16 16:20:27'),
	(419, NULL, NULL, 'ANTALGINPIM 500MG KAP', 3, NULL, 'PIM', '1 BOX X 10 STRIPS X 10 TABLET', 0, 0.00, 240.00, 288.00, 100.00, 1, NULL, NULL, '2023-09-16 16:20:27', '2023-09-16 16:20:27'),
	(420, NULL, NULL, 'ANTANGIN JRG SACHET', 17, NULL, 'DELTOMED', '1 BOX X 12 SACHET', 0, 0.00, 0.00, 0.00, 100.00, 1, NULL, NULL, '2023-09-16 16:20:27', '2023-09-16 16:20:27'),
	(421, NULL, NULL, 'ANTIHEMOROID', 1, NULL, 'GENERIC MANUFACTURER', '1 BOX X 12 PCS', 0, 0.00, 33000.00, 39600.00, 100.00, 1, NULL, NULL, '2023-09-16 16:20:27', '2023-09-16 16:20:27'),
	(422, NULL, NULL, 'ASIFIT KAP 3X10', 3, NULL, 'KIMIA FARMA', '1 BOX X 3 STRIPS X 10 TABLET', 0, 0.00, 1957.00, 2350.00, 100.00, 1, NULL, NULL, '2023-09-16 16:20:27', '2023-09-16 16:20:27'),
	(423, NULL, NULL, 'AZ-ZIKRA MADU MANIS 500GR', 2, NULL, NULL, '1 BOTOL', 0, 0.00, 85000.00, 102000.00, 100.00, 1, NULL, NULL, '2023-09-16 16:20:27', '2023-09-16 16:20:27'),
	(424, NULL, NULL, 'AZ-ZIKRA MADU PAHIT 500GR', 2, NULL, NULL, '1 BOTOL', 0, 0.00, 85000.00, 102000.00, 100.00, 1, NULL, NULL, '2023-09-16 16:20:27', '2023-09-16 16:20:27'),
	(425, NULL, NULL, 'BALSEM AKTIV  40GR', 15, NULL, 'EAGLE INDO PHARMA', '1 POT', 0, 0.00, 12083.00, 15000.00, 100.00, 1, NULL, NULL, '2023-09-16 16:20:27', '2023-09-16 16:20:27'),
	(426, NULL, NULL, 'BALSEM AKTIV 20GR', 15, NULL, 'EAGLE INDO PHARMA', '1 POT', 0, 0.00, 6750.00, 8100.00, 100.00, 1, NULL, NULL, '2023-09-16 16:20:27', '2023-09-16 16:20:27'),
	(427, NULL, NULL, 'BALSEM GOSOK BALPIRIK MERAH 20GR', 15, NULL, 'PT. ARTOIS PHARMACEUTICAL INDUSTRIES', '1 POT', 0, 0.00, 0.00, 0.00, 100.00, 1, NULL, NULL, '2023-09-16 16:20:27', '2023-09-16 16:20:27'),
	(428, NULL, NULL, 'BALSEM LANG 10GR', 15, NULL, 'EAGLE INDO PHARMA', '1 POT', 0, 0.00, 4033.00, 4900.00, 100.00, 1, NULL, NULL, '2023-09-16 16:20:27', '2023-09-16 16:20:27'),
	(429, NULL, NULL, 'BALSEM LANG 20GR', 15, NULL, 'EAGLE INDO PHARMA', '1 POT', 0, 0.00, 7250.00, 8700.00, 100.00, 1, NULL, NULL, '2023-09-16 16:20:27', '2023-09-16 16:20:27'),
	(430, NULL, NULL, 'BALSEM LANG 40GR', 15, NULL, 'EAGLE INDO PHARMA', '1 POT', 0, 0.00, 14166.00, 17000.00, 100.00, 1, NULL, NULL, '2023-09-16 16:20:27', '2023-09-16 16:20:27'),
	(431, NULL, NULL, 'BALSEM OTOT GELIGA 10GR', 15, NULL, 'EAGLE INDO PHARMA', '1 POT', 0, 0.00, 4033.00, 4900.00, 100.00, 1, NULL, NULL, '2023-09-16 16:20:27', '2023-09-16 16:20:27'),
	(432, NULL, NULL, 'BALSEM OTOT GELIGA 20GR', 15, NULL, 'EAGLE INDO PHARMA', '1 POT', 0, 0.00, 7250.00, 8700.00, 100.00, 1, NULL, NULL, '2023-09-16 16:20:27', '2023-09-16 16:20:27'),
	(433, NULL, NULL, 'BALSEM OTOT GELIGA 40GR', 15, NULL, 'EAGLE INDO PHARMA', '1 POT', 0, 0.00, 14166.00, 17000.00, 100.00, 1, NULL, NULL, '2023-09-16 16:20:27', '2023-09-16 16:20:27'),
	(434, NULL, NULL, 'BATUGIN ELIXIR 120ML', 2, NULL, 'KIMIA FARMA', '1 BOTOL', 0, 0.00, 0.00, 0.00, 100.00, 1, NULL, NULL, '2023-09-16 16:20:27', '2023-09-16 16:20:27'),
	(435, NULL, NULL, 'BATUGIN ELIXIR 300ML', 2, NULL, 'KIMIA FARMA', '1 BOTOL', 0, 0.00, 0.00, 0.00, 100.00, 1, NULL, NULL, '2023-09-16 16:20:27', '2023-09-16 16:20:27'),
	(436, NULL, NULL, 'BEDAK SALYCIL MENTHOL CAP DRAGON', 2, NULL, 'PT. DRAGON PRIMA FARMA', '1 BOTOL', 0, 0.00, 0.00, 0.00, 100.00, 1, NULL, NULL, '2023-09-16 16:20:27', '2023-09-16 16:20:27'),
	(437, NULL, NULL, 'BEJO JAHE MERAH', 17, NULL, 'BINTANG TOEDJOE', '1 BOX X 12 SACHET', 0, 0.00, 0.00, 0.00, 100.00, 1, NULL, NULL, '2023-09-16 16:20:27', '2023-09-16 16:20:27'),
	(438, NULL, NULL, 'BEPANTEN 10 GRAM', 9, NULL, 'BAYER INDONESIA', '1 TUBE', 0, 0.00, 0.00, 0.00, 100.00, 1, NULL, NULL, '2023-09-16 16:20:27', '2023-09-16 16:20:27'),
	(439, NULL, NULL, 'BEPANTEN 20 GRAM', 9, NULL, 'BAYER INDONESIA', '1 TUBE', 0, 0.00, 35850.00, 43000.00, 100.00, 1, NULL, NULL, '2023-09-16 16:20:27', '2023-09-16 16:20:27'),
	(440, NULL, NULL, 'BETADINE GARGLE 100ML', 2, NULL, NULL, '1 BOTOL', 0, 0.00, 0.00, 0.00, 100.00, 1, NULL, NULL, '2023-09-16 16:20:27', '2023-09-16 16:20:27'),
	(441, NULL, NULL, 'BETADINE GARGLE 190ML', 2, NULL, NULL, '1 BOTOL', 0, 0.00, 0.00, 0.00, 100.00, 1, NULL, NULL, '2023-09-16 16:20:27', '2023-09-16 16:20:27'),
	(442, NULL, NULL, 'BETADINE SOLUTION 15 ML', 2, NULL, NULL, '1 BOTOL', 0, 0.00, 12800.00, 15360.00, 100.00, 1, NULL, NULL, '2023-09-16 16:20:27', '2023-09-16 16:20:27'),
	(443, NULL, NULL, 'BETADINE SOLUTION 30 ML', 2, NULL, NULL, '1 BOTOL', 0, 0.00, 21900.00, 26280.00, 100.00, 1, NULL, NULL, '2023-09-16 16:20:27', '2023-09-16 16:20:27'),
	(444, NULL, NULL, 'BETADINE SOLUTION 5 ML', 2, NULL, NULL, '1 BOTOL', 0, 0.00, 5460.00, 6552.00, 100.00, 1, NULL, NULL, '2023-09-16 16:20:27', '2023-09-16 16:20:27'),
	(445, NULL, NULL, 'BETADINE SOLUTION 60 ML', 2, NULL, NULL, '1 BOTOL', 0, 0.00, 3680.00, 4416.00, 100.00, 1, NULL, NULL, '2023-09-16 16:20:27', '2023-09-16 16:20:27'),
	(446, NULL, NULL, 'BISOLVON TABLET (BESAR) / BLISTER', 3, NULL, 'B.INGELHEM', '1 BOX X 10 STRIPS X 10 TABLET', 0, 0.00, 2108.00, 2530.00, 100.00, 1, NULL, NULL, '2023-09-16 16:20:27', '2023-09-16 16:20:27'),
	(447, NULL, NULL, 'BOCOM C', 3, NULL, 'SANBE FARMA', '1 BOX X 10 STRIPS X 10 TABLET', 0, 0.00, 16800.00, 20160.00, 100.00, 1, NULL, NULL, '2023-09-16 16:20:27', '2023-09-16 16:20:27'),
	(448, NULL, NULL, 'BODREXIN FLU&BATUK TDK BDHK DPH SYP 60ML', 2, NULL, NULL, '1 BOTOL', 0, 0.00, 9910.00, 11892.00, 100.00, 1, NULL, NULL, '2023-09-16 16:20:27', '2023-09-16 16:20:27'),
	(449, NULL, NULL, 'BORAKS GLISERM 10%', 2, NULL, 'CIUBROS FARMA', '1 BOTOL', 0, 0.00, 3600.00, 4500.00, 100.00, 1, NULL, NULL, '2023-09-16 16:20:27', '2023-09-16 16:20:27'),
	(450, NULL, NULL, 'BOROBUDUR DARSI KAPSUL', 16, NULL, 'INDUSTRI JAMU BOROBUDUR', '1 BOX X 12 STRIPS', 0, 0.00, 0.00, 0.00, 100.00, 1, NULL, NULL, '2023-09-16 16:20:27', '2023-09-16 16:20:27'),
	(451, NULL, NULL, 'BOROBUDUR EM KAPSUL', 4, NULL, 'INDUSTRI JAMU BOROBUDUR', '1 BOX X 12 KAPSUL', 0, 0.00, 0.00, 0.00, 100.00, 1, NULL, NULL, '2023-09-16 16:20:27', '2023-09-16 16:20:27'),
	(452, NULL, NULL, 'BYE BYE FEVER ANAK', 17, NULL, 'Hisamitsu Pharmaceutical', '1 BOX X 10 SACHET', 10, 0.00, 8350.00, 10500.00, 100.00, 1, NULL, NULL, '2023-09-16 16:20:27', '2023-09-16 16:20:27'),
	(453, NULL, NULL, 'BYE BYE FEVER BAYI', 1, NULL, 'Hisamitsu Pharmaceutical', '1 BOX X 10 PCS', 10, 0.00, 5810.00, 7000.00, 100.00, 1, NULL, NULL, '2023-09-16 16:20:27', '2023-09-16 16:20:27'),
	(454, NULL, NULL, 'BYE BYE FIVER ANAK', 17, NULL, 'KOBAYASHI PHARMACEUTICAL INDONESIA', '1 BOX X 10 SACHET', 0, 0.00, 0.00, 0.00, 100.00, 1, NULL, NULL, '2023-09-16 16:20:27', '2023-09-16 16:20:27'),
	(455, NULL, NULL, 'CANESTEN CREAM 10 GR', 9, NULL, 'BAYER INDONESIA', '1 TUBE', 0, 0.00, 36000.00, 43200.00, 100.00, 1, NULL, NULL, '2023-09-16 16:20:27', '2023-09-16 16:20:27'),
	(456, NULL, NULL, 'CANESTEN CREAM 5 GR', 9, NULL, 'BAYER INDONESIA', '1 TUBE', 0, 0.00, 24500.00, 29500.00, 100.00, 1, NULL, NULL, '2023-09-16 16:20:27', '2023-09-16 16:20:27'),
	(457, NULL, NULL, 'CATAFLAM 25MG TAB', 3, NULL, 'NOVARTIS', '1 BOX X 5 STRIPS X 10 TABLET', 0, 0.00, 3200.00, 3840.00, 100.00, 1, NULL, NULL, '2023-09-16 16:20:27', '2023-09-16 16:20:27'),
	(458, NULL, NULL, 'CESSA FEDROP', 2, NULL, 'SARAKA MANDIRI SEMESTA', '1 BOTOL', 0, 0.00, 0.00, 0.00, 100.00, 1, NULL, NULL, '2023-09-16 16:20:27', '2023-09-16 16:20:27'),
	(459, NULL, NULL, 'CESSA HAPPY NOSE', 2, NULL, 'SARAKA MANDIRI SEMESTA', '1 BOTOL', 0, 0.00, 0.00, 0.00, 100.00, 1, NULL, NULL, '2023-09-16 16:20:27', '2023-09-16 16:20:27'),
	(460, NULL, NULL, 'CETAPHIL SKIN CLEANSER 125 ML', 2, NULL, 'GALDERMA', '1 BOTOL', 0, 0.00, 0.00, 91000.00, 100.00, 1, NULL, NULL, '2023-09-16 16:20:27', '2023-09-16 16:20:27'),
	(461, NULL, NULL, 'CETAPHIL SKIN CLEANSER 250 ML', 2, NULL, 'GALDERMA', '1 BOTOL', 0, 0.00, 134000.00, 16000.00, 100.00, 1, NULL, NULL, '2023-09-16 16:20:27', '2023-09-16 16:20:27'),
	(462, NULL, NULL, 'CINOLON CREAM', 9, NULL, 'SANBE FARMA', '1 TUBE', 0, 0.00, 17200.00, 20640.00, 100.00, 1, NULL, NULL, '2023-09-16 16:20:27', '2023-09-16 16:20:27'),
	(463, NULL, NULL, 'CINOLON-N CREAM', 9, NULL, 'SANBE FARMA', '1 TUBE', 0, 0.00, 12600.00, 15200.00, 100.00, 1, NULL, NULL, '2023-09-16 16:20:27', '2023-09-16 16:20:27'),
	(464, NULL, NULL, 'COMBANTRIUM 250', 3, NULL, 'PFIZER', '1 BOX X 25 STRIP X 2 TABLET', 0, 0.00, 16583.00, 20000.00, 100.00, 1, NULL, NULL, '2023-09-16 16:20:27', '2023-09-16 16:20:27'),
	(465, NULL, NULL, 'CURCUMA SHARPY ORANGE 60 ML', 2, NULL, 'SOHO', '1 BOTOL', 0, 0.00, 13300.00, 15960.00, 100.00, 1, NULL, NULL, '2023-09-16 16:20:27', '2023-09-16 16:20:27'),
	(466, NULL, NULL, 'CURCUMA SHARPY STRAWBERRY 60 ML', 2, NULL, 'SOHO', '1 BOTOL', 0, 0.00, 13300.00, 15960.00, 100.00, 1, NULL, NULL, '2023-09-16 16:20:27', '2023-09-16 16:20:27'),
	(467, NULL, NULL, 'CURVIT KAPLET', 3, NULL, 'SOHO', '1 BOX X 5 STRIPS X 10 TABLET', 0, 0.00, 1854.00, 2225.00, 100.00, 1, NULL, NULL, '2023-09-16 16:20:27', '2023-09-16 16:20:27'),
	(468, NULL, NULL, 'CURVIT SYRUP 60 ML', 2, NULL, 'SOHO', '1 BOTOL', 0, 0.00, 24100.00, 28920.00, 100.00, 1, NULL, NULL, '2023-09-16 16:20:27', '2023-09-16 16:20:27'),
	(469, NULL, NULL, 'DAKTARIN CREAM 10 GR', 9, NULL, NULL, '1 TUBE', 0, 0.00, 36308.00, 43500.00, 100.00, 1, NULL, NULL, '2023-09-16 16:20:27', '2023-09-16 16:20:27'),
	(470, NULL, NULL, 'DAKTARIN CREAM 5 GR', 9, NULL, NULL, '1 TUBE', 0, 0.00, 24080.00, 29000.00, 100.00, 1, NULL, NULL, '2023-09-16 16:20:27', '2023-09-16 16:20:27'),
	(471, NULL, NULL, 'DECOLDEN TABS', 3, NULL, NULL, '1 BOX X 25 STRIP X 4 TABLET', 0, 0.00, 424.00, 508.00, 100.00, 1, NULL, NULL, '2023-09-16 16:20:27', '2023-09-16 16:20:27'),
	(472, NULL, NULL, 'DECOLGEN PSE LIQ 60 ML', 2, NULL, 'DARYA VARIA', '1 BOTOL', 0, 0.00, 9650.00, 12000.00, 100.00, 1, NULL, NULL, '2023-09-16 16:20:27', '2023-09-16 16:20:27'),
	(473, NULL, NULL, 'DECOLGEN SYRUP 60 ML', 2, NULL, 'DARYA VARIA', '1 BOTOL', 0, 0.00, 15600.00, 18500.00, 100.00, 1, NULL, NULL, '2023-09-16 16:20:27', '2023-09-16 16:20:27'),
	(474, NULL, NULL, 'DEGIROL LOZ 100', 3, NULL, 'DARYA VARIA', '1 KOTAK X 10 STRIP X 10 TABLET', 0, 0.00, 1008.50, 1300.00, 100.00, 1, NULL, NULL, '2023-09-16 16:20:27', '2023-09-16 16:20:27'),
	(475, NULL, NULL, 'DERMAFIX T 10 X 15CM - ONEMED', 1, NULL, 'PT. Jayamas Medica Industri', '1 BOX X 10 PCS', 3, 0.00, 9912.40, 12000.00, 100.00, 1, NULL, NULL, '2023-09-16 16:20:27', '2023-09-16 16:20:27'),
	(476, NULL, NULL, 'DERMAFIX T 10 X 8CM - ONEMED', 1, NULL, 'PT. Jayamas Medica Industri', '1 BOX X 10 PCS', 3, 0.00, 5772.00, 7000.00, 100.00, 1, NULL, NULL, '2023-09-16 16:20:27', '2023-09-16 16:20:27'),
	(477, NULL, NULL, 'DERMATIK ULTRA 5 GRAM', 9, NULL, 'TRANSFARMA MEDICA INDAH', '1 TUBE', 0, 0.00, 53500.00, 64200.00, 100.00, 1, NULL, NULL, '2023-09-16 16:20:27', '2023-09-16 16:20:27'),
	(478, NULL, NULL, 'DEXTACO SYRUP', 2, NULL, 'BERLICO', '1 BOTOL', 0, 0.00, 9000.00, 10800.00, 100.00, 1, NULL, NULL, '2023-09-16 16:20:27', '2023-09-16 16:20:27'),
	(479, NULL, NULL, 'DIAPET NR', 3, NULL, NULL, '1 BOX X 25 STRIP X 4 TABLET', 0, 0.00, 619.00, 750.00, 100.00, 1, NULL, NULL, '2023-09-16 16:20:27', '2023-09-16 16:20:27'),
	(480, NULL, NULL, 'DIATABS TAB\'S', 3, NULL, 'MEDIFARMA', '1 BOX X 25 STRIP X 4 TABLET', 0, 0.00, 537.00, 650.00, 100.00, 1, NULL, NULL, '2023-09-16 16:20:27', '2023-09-16 16:20:27'),
	(481, NULL, NULL, 'DODO COTTON BUD BABY', 1, NULL, 'PT.  DODORINDO JAYA ABADI', '1 ZAK X 12 PCS', 0, 0.00, 5000.00, 6000.00, 100.00, 1, NULL, NULL, '2023-09-16 16:20:27', '2023-09-16 16:20:27'),
	(482, NULL, NULL, 'DODO COTTON BUD DEWASA', 1, NULL, 'PT.  DODORINDO JAYA ABADI', '1 ZAK X 12 PCS', 0, 0.00, 2450.00, 3000.00, 100.00, 1, NULL, NULL, '2023-09-16 16:20:27', '2023-09-16 16:20:27'),
	(483, NULL, NULL, 'DODO CUNNTON BUD DWI FUNGSI', 1, NULL, 'PT.  DODORINDO JAYA ABADI', '1 ZAK X 12 PCS', 0, 0.00, 7250.00, 8700.00, 100.00, 1, NULL, NULL, '2023-09-16 16:20:27', '2023-09-16 16:20:27'),
	(484, NULL, NULL, 'DODO NIPPLE PEDODONTIC LARGE', 15, NULL, 'PT.  DODORINDO JAYA ABADI', '1 POT', 0, 0.00, 96873.00, 116248.00, 100.00, 1, NULL, NULL, '2023-09-16 16:20:27', '2023-09-16 16:20:27'),
	(485, NULL, NULL, 'DODO NIPPLE PEDODONTIC MEDIUM', 15, NULL, 'PT.  DODORINDO JAYA ABADI', '1 POT', 0, 0.00, 96873.00, 116248.00, 100.00, 1, NULL, NULL, '2023-09-16 16:20:27', '2023-09-16 16:20:27'),
	(486, NULL, NULL, 'DODO NIPPLE PEDODONTIC SMALL', 15, NULL, 'PT.  DODORINDO JAYA ABADI', '1 POT', 0, 0.00, 96873.00, 116248.00, 100.00, 1, NULL, NULL, '2023-09-16 16:20:27', '2023-09-16 16:20:27'),
	(487, NULL, NULL, 'DODO NIPPLE TOPLES MIX (36 PCS)', 15, NULL, 'PT.  DODORINDO JAYA ABADI', '1 POT', 0, 0.00, 210698.00, 252838.00, 100.00, 1, NULL, NULL, '2023-09-16 16:20:27', '2023-09-16 16:20:27'),
	(488, NULL, NULL, 'DODO PAHE FEED 120ML/4QZ', 1, NULL, 'PT.  DODORINDO JAYA ABADI', '1 BOX X 6 PCS', 0, 0.00, 20182.00, 24218.00, 100.00, 1, NULL, NULL, '2023-09-16 16:20:27', '2023-09-16 16:20:27'),
	(489, NULL, NULL, 'DODO PAHE FEED 250ML/8QZ', 1, NULL, 'PT.  DODORINDO JAYA ABADI', '1 BOX X 6 PCS', 0, 0.00, 22200.00, 26640.00, 100.00, 1, NULL, NULL, '2023-09-16 16:20:27', '2023-09-16 16:20:27'),
	(490, NULL, NULL, 'DODO PAHE FEED 60ML/2QZ', 1, NULL, 'PT.  DODORINDO JAYA ABADI', '1 BOX X 6 PCS', 0, 0.00, 18164.00, 21797.00, 100.00, 1, NULL, NULL, '2023-09-16 16:20:27', '2023-09-16 16:20:27'),
	(491, NULL, NULL, 'DODO POMPA ASI', 18, NULL, NULL, '1 SET', 0, 0.00, 130000.00, 156000.00, 100.00, 1, NULL, NULL, '2023-09-16 16:20:27', '2023-09-16 16:20:27'),
	(492, NULL, NULL, 'DODO SHOOTER/KOMPENG SA 1', 1, NULL, 'PT.  DODORINDO JAYA ABADI', '1 BOX X 12 PCS', 0, 0.00, 15136.00, 18163.00, 100.00, 1, NULL, NULL, '2023-09-16 16:20:27', '2023-09-16 16:20:27'),
	(493, NULL, NULL, 'DODO SHOOTER/KOMPENG SA 1(BONUS)', 1, NULL, 'PT.  DODORINDO JAYA ABADI', '1 PCS', 0, 0.00, 15136.00, 18163.00, 100.00, 1, NULL, NULL, '2023-09-16 16:20:27', '2023-09-16 16:20:27'),
	(494, NULL, NULL, 'DODO SHOOTER/KOMPENG SA 2', 1, NULL, 'PT.  DODORINDO JAYA ABADI', '1 BOX X 12 PCS', 0, 0.00, 16145.00, 19374.00, 100.00, 1, NULL, NULL, '2023-09-16 16:20:27', '2023-09-16 16:20:27'),
	(495, NULL, NULL, 'DODO SHOOTER/KOMPENG SA 2(BONUS)', 1, NULL, 'PT.  DODORINDO JAYA ABADI', '1 PCS', 0, 0.00, 16145.00, 19374.00, 100.00, 1, NULL, NULL, '2023-09-16 16:20:27', '2023-09-16 16:20:27'),
	(496, NULL, NULL, 'DRAGON BALSEM HIJAU 10GR', 15, NULL, 'DRAGON PRIMA FARMA', '1 POT', 0, 0.00, 0.00, 0.00, 100.00, 1, NULL, NULL, '2023-09-16 16:20:27', '2023-09-16 16:20:27'),
	(497, NULL, NULL, 'DRAGON GOSOK 20 GRAM', 1, NULL, 'DRAGON PRIMA FARMA', '1 PCS', 0, 0.00, 13000.00, 15600.00, 100.00, 1, NULL, NULL, '2023-09-16 16:20:27', '2023-09-16 16:20:27'),
	(498, NULL, NULL, 'DRAGON GOSOK 8 GRAM', 1, NULL, 'DRAGON PRIMA FARMA', '1 PCS', 0, 0.00, 27500.00, 33000.00, 100.00, 1, NULL, NULL, '2023-09-16 16:20:27', '2023-09-16 16:20:27'),
	(499, NULL, NULL, 'DRAGON MINYAK URUT 60ML', 2, NULL, 'DRAGON PRIMA FARMA', '1 BOTOL', 0, 0.00, 13000.00, 15600.00, 100.00, 1, NULL, NULL, '2023-09-16 16:20:27', '2023-09-16 16:20:27'),
	(500, NULL, NULL, 'DRAMAMINE TABLET', 3, NULL, 'TAISHO', '1 BOX X 10 STRIPS X 10 TABLET', 0, 0.00, 1780.00, 2136.00, 100.00, 1, NULL, NULL, '2023-09-16 16:20:27', '2023-09-16 16:20:27'),
	(501, NULL, NULL, 'DULCOLAX', 11, NULL, NULL, '1 STRIP', 0, 0.00, 16000.00, 19200.00, 100.00, 1, NULL, NULL, '2023-09-16 16:20:27', '2023-09-16 16:20:27'),
	(502, NULL, NULL, 'DULCOLAX SUP ADULT 10MG / 5\'S', 3, NULL, 'B.INGELHEM', '1 BOX X 1 STRIPS X 5 TABLET', 0, 0.00, 25728.00, 30400.00, 100.00, 1, NULL, NULL, '2023-09-16 16:20:27', '2023-09-16 16:20:27'),
	(503, NULL, NULL, 'DULCOLAX SUPP INF 5MG', 3, NULL, 'B.INGELHEM', '1 BOX X 1 STRIPS X 6 TABLET', 0, 0.00, 18119.00, 21743.00, 100.00, 1, NULL, NULL, '2023-09-16 16:20:27', '2023-09-16 16:20:27'),
	(504, NULL, NULL, 'DULCOLAX TAB / 80\'S', 3, NULL, 'B.INGELHEM', '1 BOX X 20 PCS X 1 STRIPS X 4 TABLET', 0, 0.00, 2093.00, 2512.00, 100.00, 1, NULL, NULL, '2023-09-16 16:20:27', '2023-09-16 16:20:27'),
	(505, NULL, NULL, 'DUREX EXTRA SAVE 3S', 6, NULL, 'Reckitt Benckiser', '1 BOX', 0, 0.00, 0.00, 0.00, 100.00, 1, NULL, NULL, '2023-09-16 16:20:27', '2023-09-16 16:20:27'),
	(506, NULL, NULL, 'DUREX LOVE JEANS 3S', 6, NULL, 'Reckitt Benckiser', '1 BOX', 0, 0.00, 0.00, 0.00, 100.00, 1, NULL, NULL, '2023-09-16 16:20:27', '2023-09-16 16:20:27'),
	(507, NULL, NULL, 'ENKASARI HERBAL 120ML', 2, NULL, 'KIMIA FARMA', '1 BOTOL', 0, 0.00, 0.00, 0.00, 100.00, 1, NULL, NULL, '2023-09-16 16:20:27', '2023-09-16 16:20:27'),
	(508, NULL, NULL, 'ETABION KAPSUL (BARU)', 3, NULL, 'ERRITA', '1 BOX X 10 STRIPS X 10 TABLET', 0, 0.00, 240.00, 288.00, 100.00, 1, NULL, NULL, '2023-09-16 16:20:27', '2023-09-16 16:20:27'),
	(509, NULL, NULL, 'FASIDOL DROP 15ML', 2, NULL, 'IFARS', '1 BOTOL', 0, 0.00, 11500.00, 13800.00, 100.00, 1, NULL, NULL, '2023-09-16 16:20:27', '2023-09-16 16:20:27'),
	(510, NULL, NULL, 'FASIDOL FORTE SYRUP 60ML', 2, NULL, 'IFARS', '1 BOTOL', 0, 0.00, 8000.00, 9600.00, 100.00, 1, NULL, NULL, '2023-09-16 16:20:27', '2023-09-16 16:20:27'),
	(511, NULL, NULL, 'FASIDOL SYRUP 60ML', 2, NULL, 'IFARS', '1 BOTOL', 0, 0.00, 7000.00, 8400.00, 100.00, 1, NULL, NULL, '2023-09-16 16:20:27', '2023-09-16 16:20:27'),
	(512, 'CSM21006', NULL, 'FIESTA BLACK COFEE 3S', 6, NULL, 'DKT INTERNATIONAL', '1 BOX', 0, 0.00, 0.00, 0.00, 100.00, 1, NULL, NULL, '2023-09-16 16:20:27', '2023-09-16 16:20:27'),
	(513, NULL, NULL, 'FIESTA DOTTED 3', 1, NULL, 'DKT INTERNATIONAL', '1 BOX X 3 PCS', 0, 0.00, 11000.00, 13200.00, 100.00, 1, NULL, NULL, '2023-09-16 16:20:27', '2023-09-16 16:20:27'),
	(514, NULL, NULL, 'FIESTA GRAPE 3S', 6, NULL, 'DKT INTERNATIONAL', '1 BOX', 0, 0.00, 0.00, 0.00, 100.00, 1, NULL, NULL, '2023-09-16 16:20:27', '2023-09-16 16:20:27'),
	(515, NULL, NULL, 'FIESTA MAX DOTTED 12S', 6, NULL, 'DKT INTERNATIONAL', '1 BOX', 0, 0.00, 0.00, 0.00, 100.00, 1, NULL, NULL, '2023-09-16 16:20:27', '2023-09-16 16:20:27'),
	(516, NULL, NULL, 'FIESTA STRAWBERRY 12S', 6, NULL, 'DKT INTERNATIONAL', '1 BOX', 0, 0.00, 0.00, 0.00, 100.00, 1, NULL, NULL, '2023-09-16 16:20:27', '2023-09-16 16:20:27'),
	(517, NULL, NULL, 'FIESTA STRAWBERRY 3S', 6, NULL, 'DKT INTERNATIONAL', '1 BOX', 0, 0.00, 0.00, 0.00, 100.00, 1, NULL, NULL, '2023-09-16 16:20:27', '2023-09-16 16:20:27'),
	(518, NULL, NULL, 'FIESTA ULTRA SAVE 3S', 6, NULL, 'DKT INTERNATIONAL', '1 BOX', 0, 0.00, 0.00, 0.00, 100.00, 1, NULL, NULL, '2023-09-16 16:20:27', '2023-09-16 16:20:27'),
	(519, NULL, NULL, 'FIESTA ULTRA THIN 3S', 6, NULL, 'DKT INTERNATIONAL', '1 BOX', 0, 0.00, 0.00, 0.00, 100.00, 1, NULL, NULL, '2023-09-16 16:20:27', '2023-09-16 16:20:27'),
	(520, NULL, NULL, 'FIESTA WATERMELON 3S', 6, NULL, 'DKT INTERNATIONAL', '1 BOX', 0, 0.00, 0.00, 0.00, 100.00, 1, NULL, NULL, '2023-09-16 16:20:27', '2023-09-16 16:20:27'),
	(521, NULL, NULL, 'FITKOM HI-C GRAPE 21\'S', 2, NULL, 'SOHO', '1 BOTOL', 0, 0.00, 14000.00, 16800.00, 100.00, 1, NULL, NULL, '2023-09-16 16:20:27', '2023-09-16 16:20:27'),
	(522, NULL, NULL, 'FITKOM HI-C ORANGE 21\'S', 2, NULL, 'SOHO', '1 BOTOL', 0, 0.00, 14000.00, 16800.00, 100.00, 1, NULL, NULL, '2023-09-16 16:20:27', '2023-09-16 16:20:27'),
	(523, NULL, NULL, 'FITKOM STRAWBERRY CURVY', 2, NULL, 'SOHO', '1 BOTOL', 0, 0.00, 14000.00, 16800.00, 100.00, 1, NULL, NULL, '2023-09-16 16:20:27', '2023-09-16 16:20:27'),
	(524, NULL, NULL, 'FLUTAMOL SYRUP 60ML', 2, NULL, 'PYRIDAM', '1 BOTOL', 0, 0.00, 7500.00, 9000.00, 100.00, 1, NULL, NULL, '2023-09-16 16:20:27', '2023-09-16 16:20:27'),
	(525, NULL, NULL, 'FRESHCARE FRUTY', 2, NULL, NULL, '1 BOTOL', 0, 0.00, 10000.00, 12000.00, 100.00, 1, NULL, NULL, '2023-09-16 16:20:27', '2023-09-16 16:20:27'),
	(526, NULL, NULL, 'FRESHCARE GRIN TEA', 2, NULL, NULL, '1 BOTOL', 0, 0.00, 10000.00, 12000.00, 100.00, 1, NULL, NULL, '2023-09-16 16:20:27', '2023-09-16 16:20:27'),
	(527, NULL, NULL, 'FRESHCARE LAVENDER', 2, NULL, NULL, '1 BOTOL', 0, 0.00, 10000.00, 12000.00, 100.00, 1, NULL, NULL, '2023-09-16 16:20:27', '2023-09-16 16:20:27'),
	(528, NULL, NULL, 'FRESHCARE PLASH', 2, NULL, NULL, '1 BOTOL', 0, 0.00, 10000.00, 12000.00, 100.00, 1, NULL, NULL, '2023-09-16 16:20:27', '2023-09-16 16:20:27'),
	(529, NULL, NULL, 'FRESHCARE STRONG', 2, NULL, NULL, '1 BOTOL', 0, 0.00, 10000.00, 12000.00, 100.00, 1, NULL, NULL, '2023-09-16 16:20:27', '2023-09-16 16:20:27'),
	(530, NULL, NULL, 'FUNGIDERM 10 GRAM', 9, NULL, 'KONIMEX', '1 TUBE', 0, 0.00, 21300.00, 25500.00, 100.00, 1, NULL, NULL, '2023-09-16 16:20:27', '2023-09-16 16:20:27'),
	(531, NULL, NULL, 'FUNGIDERM 5 GRAM', 9, NULL, 'KONIMEX', '1 TUBE', 0, 0.00, 0.00, 0.00, 100.00, 1, NULL, NULL, '2023-09-16 16:20:27', '2023-09-16 16:20:27'),
	(532, NULL, NULL, 'GELIGA KRIM 10', NULL, NULL, NULL, '', 0, 0.00, 4000.00, 4800.00, 100.00, 1, NULL, NULL, '2023-09-16 16:20:27', '2023-09-16 16:20:27'),
	(533, NULL, NULL, 'GELIGA KRIM 30', NULL, NULL, NULL, '', 0, 0.00, 8616.00, 10400.00, 100.00, 1, NULL, NULL, '2023-09-16 16:20:27', '2023-09-16 16:20:27'),
	(534, NULL, NULL, 'GELIGA KRIM 60', NULL, NULL, NULL, '', 0, 0.00, 13333.00, 16000.00, 100.00, 1, NULL, NULL, '2023-09-16 16:20:27', '2023-09-16 16:20:27'),
	(535, NULL, NULL, 'GENTIAN VIOLET', 2, NULL, 'GENERIC MANUFACTURER', '1 BOTOL', 0, 0.00, 3600.00, 4500.00, 100.00, 1, NULL, NULL, '2023-09-16 16:20:27', '2023-09-16 16:20:27'),
	(536, NULL, NULL, 'GPU KRIM HOT', NULL, NULL, NULL, '', 0, 0.00, 13641.00, 16400.00, 100.00, 1, NULL, NULL, '2023-09-16 16:20:27', '2023-09-16 16:20:27'),
	(537, NULL, NULL, 'GPU KRIM JAHE 150ML', NULL, NULL, NULL, '', 0, 0.00, 14583.00, 17500.00, 100.00, 1, NULL, NULL, '2023-09-16 16:20:27', '2023-09-16 16:20:27'),
	(538, NULL, NULL, 'GPU KRIM JAHE 60ML', NULL, NULL, NULL, '', 0, 0.00, 7533.00, 9030.00, 100.00, 1, NULL, NULL, '2023-09-16 16:20:27', '2023-09-16 16:20:27'),
	(539, NULL, NULL, 'GPU KRIM PALA 150GR', 15, NULL, NULL, '1 POT', 0, 0.00, 15000.00, 18000.00, 100.00, 1, NULL, NULL, '2023-09-16 16:20:27', '2023-09-16 16:20:27'),
	(540, NULL, NULL, 'GPU KRIM PALA 150ML', NULL, NULL, NULL, '', 0, 0.00, 14583.00, 17500.00, 100.00, 1, NULL, NULL, '2023-09-16 16:20:27', '2023-09-16 16:20:27'),
	(541, NULL, NULL, 'GPU KRIM PALA 60GR', 15, NULL, NULL, '1 POT', 0, 0.00, 9000.00, 10800.00, 100.00, 1, NULL, NULL, '2023-09-16 16:20:27', '2023-09-16 16:20:27'),
	(542, NULL, NULL, 'GPU KRIM PALA 60ML', NULL, NULL, NULL, '', 0, 0.00, 7533.00, 9000.00, 100.00, 1, NULL, NULL, '2023-09-16 16:20:27', '2023-09-16 16:20:27'),
	(543, NULL, NULL, 'GPU KRIM SEREH 150ML', NULL, NULL, NULL, '', 0, 0.00, 14583.00, 17500.00, 100.00, 1, NULL, NULL, '2023-09-16 16:20:27', '2023-09-16 16:20:27'),
	(544, NULL, NULL, 'GPU KRIM SEREH 250ML', NULL, NULL, NULL, '', 0, 0.00, 22583.00, 27100.00, 100.00, 1, NULL, NULL, '2023-09-16 16:20:27', '2023-09-16 16:20:27'),
	(545, NULL, NULL, 'GPU KRIM SEREH 60ML', 15, NULL, NULL, '1 POT', 0, 0.00, 9000.00, 10800.00, 100.00, 1, NULL, NULL, '2023-09-16 16:20:27', '2023-09-16 16:20:27'),
	(546, NULL, NULL, 'GPU KRIM SEREH SACHET 10G', NULL, NULL, NULL, '', 0, 0.00, 1450.00, 1740.00, 100.00, 1, NULL, NULL, '2023-09-16 16:20:27', '2023-09-16 16:20:27'),
	(547, NULL, NULL, 'GPU SEREH/JAHE/PALA 100ML', NULL, NULL, NULL, '', 0, 0.00, 19416.00, 23300.00, 100.00, 1, NULL, NULL, '2023-09-16 16:20:27', '2023-09-16 16:20:27'),
	(548, NULL, NULL, 'GPU SEREH/JAHE/PALA 30ML', NULL, NULL, NULL, '', 0, 0.00, 7500.00, 9000.00, 100.00, 1, NULL, NULL, '2023-09-16 16:20:27', '2023-09-16 16:20:27'),
	(549, NULL, NULL, 'GPU SEREH/JAHE/PALA 60ML', NULL, NULL, NULL, '', 0, 0.00, 13000.00, 15600.00, 100.00, 1, NULL, NULL, '2023-09-16 16:20:27', '2023-09-16 16:20:27'),
	(550, NULL, NULL, 'HARUM SARI', 1, NULL, 'AIR MANCUR', '1 BOX X 10 PCS', 0, 0.00, 1000.00, 1500.00, 100.00, 1, NULL, NULL, '2023-09-16 16:20:27', '2023-09-16 16:20:27'),
	(551, NULL, NULL, 'HEMAVITO CARDIO', 3, NULL, 'BODE', '1 BOX X 1 STRIPS X 10 TABLET', 0, 0.00, 1577.00, 1892.00, 100.00, 1, NULL, NULL, '2023-09-16 16:20:27', '2023-09-16 16:20:27'),
	(552, NULL, NULL, 'IFREE', NULL, NULL, NULL, '', 0, 0.00, 13263.00, 16000.00, 100.00, 1, NULL, NULL, '2023-09-16 16:20:27', '2023-09-16 16:20:27'),
	(553, NULL, NULL, 'IMBOOST CHEW KIDS', 2, NULL, 'SOHO', '1 BOTOL', 0, 0.00, 27600.00, 33120.00, 100.00, 1, NULL, NULL, '2023-09-16 16:20:27', '2023-09-16 16:20:27'),
	(554, NULL, NULL, 'IMBOOST SYRUP 120 ML', 2, NULL, 'SOHO', '1 BOTOL', 0, 0.00, 53300.00, 63960.00, 100.00, 1, NULL, NULL, '2023-09-16 16:20:27', '2023-09-16 16:20:27'),
	(555, NULL, NULL, 'IMBOOST SYRUP 60 ML', 2, NULL, 'SOHO', '1 BOTOL', 0, 0.00, 33500.00, 40200.00, 100.00, 1, NULL, NULL, '2023-09-16 16:20:27', '2023-09-16 16:20:27'),
	(556, NULL, NULL, 'INHALER CAP LANG', 1, NULL, 'EAGLE INDO PHARMA', '1 BOX X 12 PCS', 0, 0.00, 6083.00, 7300.00, 100.00, 1, NULL, NULL, '2023-09-16 16:20:27', '2023-09-16 16:20:27'),
	(557, NULL, NULL, 'INZANA', 3, NULL, 'KONIMEX', '1 BOX X 12 STRIPS X 4 TABLET', 0, 0.00, 455.00, 546.00, 100.00, 1, NULL, NULL, '2023-09-16 16:20:27', '2023-09-16 16:20:27'),
	(558, NULL, NULL, 'JAMU BERSALIN LENGKAP SELAPAN BOX', 6, NULL, 'AIR MANCUR', '1 BOX', 0, 0.00, 136308.00, 163570.00, 100.00, 1, NULL, NULL, '2023-09-16 16:20:27', '2023-09-16 16:20:27'),
	(559, NULL, NULL, 'JOHNSON BABY CREAM 100GR', 9, NULL, 'JOHNSON & JOHNSON INDONESIA', '1 TUBE', 0, 0.00, 0.00, 0.00, 100.00, 1, NULL, NULL, '2023-09-16 16:20:27', '2023-09-16 16:20:27'),
	(560, NULL, NULL, 'JOHNSON BABY CREAM 50GR', 9, NULL, 'JOHNSON & JOHNSON INDONESIA', '1 TUBE', 0, 0.00, 0.00, 0.00, 100.00, 1, NULL, NULL, '2023-09-16 16:20:27', '2023-09-16 16:20:27'),
	(561, NULL, NULL, 'JOHNSON BABY OIL 125ML', 2, NULL, 'JOHNSON & JOHNSON INDONESIA', '1 BOTOL', 0, 0.00, 0.00, 0.00, 100.00, 1, NULL, NULL, '2023-09-16 16:20:27', '2023-09-16 16:20:27'),
	(562, NULL, NULL, 'JOHNSON BABY OIL 200ML', 2, NULL, 'JOHNSON & JOHNSON INDONESIA', '1 BOTOL', 0, 0.00, 0.00, 0.00, 100.00, 1, NULL, NULL, '2023-09-16 16:20:27', '2023-09-16 16:20:27'),
	(563, NULL, NULL, 'JOHNSON BABY OIL 50ML', 2, NULL, 'JOHNSON & JOHNSON INDONESIA', '1 BOTOL', 0, 0.00, 0.00, 0.00, 100.00, 1, NULL, NULL, '2023-09-16 16:20:27', '2023-09-16 16:20:27'),
	(564, NULL, NULL, 'KAPAS PEMBALUT 100 GR - ONEMED', 12, NULL, 'ONEMED', '1 ROL', 10, 0.00, 8541.45, 11000.00, 100.00, 1, NULL, NULL, '2023-09-16 16:20:27', '2023-09-16 16:20:27'),
	(565, NULL, NULL, 'KAPAS PEMBALUT 1000 GR - ONEMED', 12, NULL, 'ONEMED', '1 ROL', 1, 0.00, 84150.05, 105000.00, 100.00, 1, NULL, NULL, '2023-09-16 16:20:27', '2023-09-16 16:20:27'),
	(566, NULL, NULL, 'KAPAS PEMBALUT 250 GR - ONEMED', 12, NULL, 'ONEMED', '1 ROL', 1, 0.00, 21090.00, 26000.00, 100.00, 1, NULL, NULL, '2023-09-16 16:20:27', '2023-09-16 16:20:27'),
	(567, NULL, NULL, 'KAPAS PEMBALUT 50 GR - ONEMED', 12, NULL, 'ONEMED', '1 ROL', 10, 0.00, 4323.25, 6000.00, 100.00, 1, NULL, NULL, '2023-09-16 16:20:27', '2023-09-16 16:20:27'),
	(568, NULL, NULL, 'KAPAS PEMBALUT 500 GR - ONEMED', 12, NULL, 'ONEMED', '1 ROL', 1, 0.00, 42075.50, 53000.00, 100.00, 1, NULL, NULL, '2023-09-16 16:20:27', '2023-09-16 16:20:27'),
	(569, NULL, NULL, 'KAPSIDA KEMBANG BULAN', 2, NULL, 'KEMBANG BULAN', '1 BOTOL', 0, 0.00, 0.00, 0.00, 100.00, 1, NULL, NULL, '2023-09-16 16:20:27', '2023-09-16 16:20:27'),
	(570, NULL, NULL, 'KATUA S. GIGI', 2, NULL, 'SAMCO FARMA', '1 BOTOL', 0, 0.00, 11700.00, 14000.00, 100.00, 1, NULL, NULL, '2023-09-16 16:20:27', '2023-09-16 16:20:27'),
	(571, NULL, NULL, 'KETOKONAZOLE CREAM 10 GRAM', 9, NULL, 'GEN KIMMIA FARMA', '1 TUBE', 0, 0.00, 5000.00, 6000.00, 100.00, 1, NULL, NULL, '2023-09-16 16:20:27', '2023-09-16 16:20:27'),
	(572, NULL, NULL, 'KOMIX JAHE', 17, NULL, 'BINTANG TOEDJOE', '1 SACHET', 0, 0.00, 1400.00, 1680.00, 100.00, 1, NULL, NULL, '2023-09-16 16:20:27', '2023-09-16 16:20:27'),
	(573, NULL, NULL, 'KOMIX JERUK NIPIS', 17, NULL, 'BINTANG TOEDJOE', '1 BOX X 30 SACHET', 0, 0.00, 0.00, 0.00, 100.00, 1, NULL, NULL, '2023-09-16 16:20:27', '2023-09-16 16:20:27'),
	(574, NULL, NULL, 'KOMIX OBH', 17, NULL, 'BINTANG TOEDJOE', '1 BOX X 30 SACHET', 0, 0.00, 0.00, 0.00, 100.00, 1, NULL, NULL, '2023-09-16 16:20:27', '2023-09-16 16:20:27'),
	(575, NULL, NULL, 'KOMIX PEPERMINT', 17, NULL, 'BINTANG TOEDJOE', '1 BOX X 30 SACHET', 0, 0.00, 0.00, 0.00, 100.00, 1, NULL, NULL, '2023-09-16 16:20:27', '2023-09-16 16:20:27'),
	(576, NULL, NULL, 'KONICARE MINYAK KAYU PUTIH 125ML', 2, NULL, NULL, '1 BOTOL', 0, 0.00, 36000.00, 43200.00, 100.00, 1, NULL, NULL, '2023-09-16 16:20:27', '2023-09-16 16:20:27'),
	(577, NULL, NULL, 'KONICARE MINYAK KAYU PUTIH 30ML', 2, NULL, NULL, '1 BOTOL', 0, 0.00, 10000.00, 12000.00, 100.00, 1, NULL, NULL, '2023-09-16 16:20:27', '2023-09-16 16:20:27'),
	(578, NULL, NULL, 'KONICARE MINYAK KAYU PUTIH 60ML', 2, NULL, NULL, '1 BOTOL', 0, 0.00, 18000.00, 21600.00, 100.00, 1, NULL, NULL, '2023-09-16 16:20:27', '2023-09-16 16:20:27'),
	(579, NULL, NULL, 'KONICARE MINYAK KAYU PUTIH HOT 125ML', 2, NULL, NULL, '1 BOTOL', 0, 0.00, 41000.00, 49200.00, 100.00, 1, NULL, NULL, '2023-09-16 16:20:27', '2023-09-16 16:20:27'),
	(580, NULL, NULL, 'KONICARE MINYAK KAYU PUTIH HOT 30ML', NULL, NULL, NULL, '', 0, 0.00, 0.00, 0.00, 100.00, 1, NULL, NULL, '2023-09-16 16:20:27', '2023-09-16 16:20:27'),
	(581, NULL, NULL, 'KONICARE MINYAK KAYU PUTIH HOT 60ML', 2, NULL, NULL, '1 BOTOL', 0, 0.00, 24000.00, 28800.00, 100.00, 1, NULL, NULL, '2023-09-16 16:20:27', '2023-09-16 16:20:27'),
	(582, NULL, NULL, 'KONICARE MINYAK TELON  125ML', 2, NULL, NULL, '1 BOTOL', 0, 0.00, 36000.00, 43200.00, 100.00, 1, NULL, NULL, '2023-09-16 16:20:27', '2023-09-16 16:20:27'),
	(583, NULL, NULL, 'KONICARE MINYAK TELON 30ML', 2, NULL, NULL, '1 BOTOL', 0, 0.00, 10000.00, 12000.00, 100.00, 1, NULL, NULL, '2023-09-16 16:20:27', '2023-09-16 16:20:27'),
	(584, NULL, NULL, 'KONICARE MINYAK TELON 60ML', 2, NULL, NULL, '1 BOTOL', 0, 0.00, 18000.00, 21600.00, 100.00, 1, NULL, NULL, '2023-09-16 16:20:27', '2023-09-16 16:20:27'),
	(585, NULL, NULL, 'KONICARE MINYAK TELON PLUS 125ML', 2, NULL, NULL, '1 BOTOL', 0, 0.00, 41000.00, 49200.00, 100.00, 1, NULL, NULL, '2023-09-16 16:20:27', '2023-09-16 16:20:27'),
	(586, NULL, NULL, 'KONICARE MINYAK TELON PLUS 30ML', NULL, NULL, NULL, '', 0, 0.00, 0.00, 0.00, 100.00, 1, NULL, NULL, '2023-09-16 16:20:27', '2023-09-16 16:20:27'),
	(587, NULL, NULL, 'KONICARE MINYAK TELON PLUS 60ML', 2, NULL, NULL, '1 BOTOL', 0, 0.00, 21000.00, 25200.00, 100.00, 1, NULL, NULL, '2023-09-16 16:20:27', '2023-09-16 16:20:27'),
	(588, NULL, NULL, 'KONVERMEX  125', 2, NULL, 'KONIMEX', '1 BOTOL', 0, 0.00, 105000.00, 12000.00, 100.00, 1, NULL, NULL, '2023-09-16 16:20:27', '2023-09-16 16:20:27'),
	(589, NULL, NULL, 'KOOL FEVER DEWASA', 17, NULL, 'KOBAYASHI PHARMACEUTICAL INDONESIA', '1 BOX X 6 SACHET', 0, 0.00, 0.00, 0.00, 100.00, 1, NULL, NULL, '2023-09-16 16:20:27', '2023-09-16 16:20:27'),
	(590, NULL, NULL, 'KOOL FIVER BAYI', 17, NULL, 'KOBAYASHI PHARMACEUTICAL INDONESIA', '1 BOX X 6 SACHET', 0, 0.00, 0.00, 0.00, 100.00, 1, NULL, NULL, '2023-09-16 16:20:27', '2023-09-16 16:20:27'),
	(591, NULL, NULL, 'KOOLFEVER ADULT', NULL, NULL, NULL, '', 0, 0.00, 36100.00, 43320.00, 100.00, 1, NULL, NULL, '2023-09-16 16:20:27', '2023-09-16 16:20:27'),
	(592, NULL, NULL, 'KOOLFEVER BABY', NULL, NULL, NULL, '', 0, 0.00, 52800.00, 63360.00, 100.00, 1, NULL, NULL, '2023-09-16 16:20:27', '2023-09-16 16:20:27'),
	(593, NULL, NULL, 'KOOLFEVER EKONOMIS', NULL, NULL, NULL, '', 0, 0.00, 19891.00, 23860.00, 100.00, 1, NULL, NULL, '2023-09-16 16:20:27', '2023-09-16 16:20:27'),
	(594, NULL, NULL, 'KOOLFEVER KIDS', NULL, NULL, NULL, '', 0, 0.00, 65600.00, 78730.00, 100.00, 1, NULL, NULL, '2023-09-16 16:20:27', '2023-09-16 16:20:27'),
	(595, NULL, NULL, 'KOYO CABE', 17, NULL, NULL, '1 SACHET', 0, 0.00, 10500.00, 12600.00, 100.00, 1, NULL, NULL, '2023-09-16 16:20:27', '2023-09-16 16:20:27'),
	(596, NULL, NULL, 'LACTACYD 150 ML', 2, NULL, 'AVENTIS PHARMA', '1 BOTOL', 0, 0.00, 8765.00, 103500.00, 100.00, 1, NULL, NULL, '2023-09-16 16:20:27', '2023-09-16 16:20:27'),
	(597, NULL, NULL, 'LACTACYD 250', 2, NULL, 'AVENTIS PHARMA', '1 BOTOL', 0, 0.00, 58613.00, 70400.00, 100.00, 1, NULL, NULL, '2023-09-16 16:20:27', '2023-09-16 16:20:27'),
	(598, NULL, NULL, 'LACTACYD 60 ML', 2, NULL, 'AVENTIS PHARMA', '1 BOTOL', 0, 0.00, 23500.00, 29000.00, 100.00, 1, NULL, NULL, '2023-09-16 16:20:27', '2023-09-16 16:20:27'),
	(599, NULL, NULL, 'LACTASYD BABY 150ML', 2, NULL, 'AVENTIS PHARMA', '1 BOTOL', 0, 0.00, 0.00, 0.00, 100.00, 1, NULL, NULL, '2023-09-16 16:20:27', '2023-09-16 16:20:27'),
	(600, NULL, NULL, 'LACTASYD BABY 250ML', 2, NULL, 'AVENTIS PHARMA', '1 BOTOL', 0, 0.00, 0.00, 0.00, 100.00, 1, NULL, NULL, '2023-09-16 16:20:27', '2023-09-16 16:20:27'),
	(601, NULL, NULL, 'LACTASYD BABY 60ML', 2, NULL, 'AVENTIS PHARMA', '1 BOTOL', 0, 0.00, 0.00, 0.00, 100.00, 1, NULL, NULL, '2023-09-16 16:20:27', '2023-09-16 16:20:27'),
	(602, NULL, NULL, 'LAMBUCID SYRUP 100ML', 2, NULL, 'HEXPHARM JAYA', '1 BOTOL', 0, 0.00, 10000.00, 12000.00, 100.00, 1, NULL, NULL, '2023-09-16 16:20:27', '2023-09-16 16:20:27'),
	(603, NULL, NULL, 'LAMBUCID SYRUP 60ML', 2, NULL, 'HEXPHARM JAYA', '1 BOTOL', 0, 0.00, 8000.00, 9600.00, 100.00, 1, NULL, NULL, '2023-09-16 16:20:27', '2023-09-16 16:20:27'),
	(604, NULL, NULL, 'LANCAR HAID TIEW KENG POO', 17, NULL, 'PJ HERBAL NUSANTARA', '1 BOX X 10 SACHET', 0, 0.00, 0.00, 0.00, 100.00, 1, NULL, NULL, '2023-09-16 16:20:27', '2023-09-16 16:20:27'),
	(605, NULL, NULL, 'LAXING', 11, NULL, NULL, '1 STRIP', 0, 0.00, 2900.00, 3480.00, 100.00, 1, NULL, NULL, '2023-09-16 16:20:27', '2023-09-16 16:20:27'),
	(606, NULL, NULL, 'LELAP KAPLET', 3, NULL, 'SOHO', '1 BOX X 25 STRIP X 4 TABLET', 0, 0.00, 10500.00, 12500.00, 100.00, 1, NULL, NULL, '2023-09-16 16:20:27', '2023-09-16 16:20:27'),
	(607, NULL, NULL, 'LIMA MENARA', 2, NULL, NULL, '1 BOX X 12 BOTOL', 0, 0.00, 0.00, 0.00, 100.00, 1, NULL, NULL, '2023-09-16 16:20:27', '2023-09-16 16:20:27'),
	(608, NULL, NULL, 'LISTERINE COOL MINT 100ML', 2, NULL, NULL, '1 BOTOL', 0, 0.00, 0.00, 0.00, 100.00, 1, NULL, NULL, '2023-09-16 16:20:27', '2023-09-16 16:20:27'),
	(609, NULL, NULL, 'LISTERINE COOL MINT 250ML', 2, NULL, NULL, '1 BOTOL', 0, 0.00, 0.00, 0.00, 100.00, 1, NULL, NULL, '2023-09-16 16:20:27', '2023-09-16 16:20:27'),
	(610, NULL, NULL, 'LISTERINE FRESH BRUST 250ML', 2, NULL, NULL, '1 BOTOL', 0, 0.00, 0.00, 0.00, 100.00, 1, NULL, NULL, '2023-09-16 16:20:27', '2023-09-16 16:20:27'),
	(611, NULL, NULL, 'LISTERINE NATURAL GREEN TEA 100ML', 2, NULL, NULL, '1 BOTOL', 0, 0.00, 0.00, 0.00, 100.00, 1, NULL, NULL, '2023-09-16 16:20:27', '2023-09-16 16:20:27'),
	(612, NULL, NULL, 'LISTERINE ORIGINAL 250ML', 2, NULL, NULL, '1 BOTOL', 0, 0.00, 0.00, 0.00, 100.00, 1, NULL, NULL, '2023-09-16 16:20:27', '2023-09-16 16:20:27'),
	(613, NULL, NULL, 'LISTERINE ZERO 100ML', 2, NULL, NULL, '1 BOTOL', 0, 0.00, 0.00, 0.00, 100.00, 1, NULL, NULL, '2023-09-16 16:20:27', '2023-09-16 16:20:27'),
	(614, NULL, NULL, 'LIVRON B PLEX DRAGEE', 3, NULL, 'PHARPOS', '1 BOX X 10 STRIPS X 10 TABLET', 0, 0.00, 295.00, 354.00, 100.00, 1, NULL, NULL, '2023-09-16 16:20:27', '2023-09-16 16:20:27'),
	(615, NULL, NULL, 'MADU ANGKAK DAUN KELOR 470GR', 2, NULL, NULL, '1 BOTOL', 0, 0.00, 43000.00, 51600.00, 100.00, 1, NULL, NULL, '2023-09-16 16:20:27', '2023-09-16 16:20:27'),
	(616, NULL, NULL, 'MADU ANGKAK JAMBU BIJI', 2, NULL, NULL, '1 BOTOL', 0, 0.00, 42000.00, 50400.00, 100.00, 1, NULL, NULL, '2023-09-16 16:20:27', '2023-09-16 16:20:27'),
	(617, NULL, NULL, 'MADU ANGKAK TROMBOFIT 460GR', 2, NULL, NULL, '1 BOTOL', 0, 0.00, 43000.00, 51600.00, 100.00, 1, NULL, NULL, '2023-09-16 16:20:27', '2023-09-16 16:20:27'),
	(618, NULL, NULL, 'MADU ASSALWA 140ML', 2, NULL, NULL, '1 BOTOL', 0, 0.00, 60000.00, 72000.00, 100.00, 1, NULL, NULL, '2023-09-16 16:20:27', '2023-09-16 16:20:27'),
	(619, NULL, NULL, 'MADU ASSALWA 300ML', 2, NULL, NULL, '1 BOTOL', 0, 0.00, 105000.00, 126000.00, 100.00, 1, NULL, NULL, '2023-09-16 16:20:27', '2023-09-16 16:20:27'),
	(620, NULL, NULL, 'MADU ASSYIFA 125GR', 2, NULL, NULL, '1 BOTOL', 0, 0.00, 32000.00, 38400.00, 100.00, 1, NULL, NULL, '2023-09-16 16:20:27', '2023-09-16 16:20:27'),
	(621, NULL, NULL, 'MADU ASSYIFA 250GR', 2, NULL, NULL, '1 BOTOL', 0, 0.00, 53000.00, 63600.00, 100.00, 1, NULL, NULL, '2023-09-16 16:20:27', '2023-09-16 16:20:27'),
	(622, NULL, NULL, 'MADU ASSYIFA 500GR', 2, NULL, NULL, '1 BOTOL', 0, 0.00, 115000.00, 138000.00, 100.00, 1, NULL, NULL, '2023-09-16 16:20:27', '2023-09-16 16:20:27'),
	(623, NULL, NULL, 'MADU BIMA 99 150ML', 2, NULL, 'IMAGO KHAZANAH SEJAHTERA', '1 BOTOL', 0, 0.00, 53000.00, 63600.00, 100.00, 1, NULL, NULL, '2023-09-16 16:20:27', '2023-09-16 16:20:27'),
	(624, NULL, NULL, 'MADU GOLIBAN 1000ML', 2, NULL, NULL, '1 BOTOL', 0, 0.00, 65000.00, 78000.00, 100.00, 1, NULL, NULL, '2023-09-16 16:20:27', '2023-09-16 16:20:27'),
	(625, NULL, NULL, 'MADU GOLIBAN 500ML', 2, NULL, NULL, '1 BOTOL', 0, 0.00, 37500.00, 45000.00, 100.00, 1, NULL, NULL, '2023-09-16 16:20:27', '2023-09-16 16:20:27'),
	(626, NULL, NULL, 'MADU KURMA TJ 150 G', 2, NULL, NULL, '1 BOTOL', 0, 0.00, 16000.00, 19200.00, 100.00, 1, NULL, NULL, '2023-09-16 16:20:27', '2023-09-16 16:20:27'),
	(627, NULL, NULL, 'MADU KURMA TJ 250 G', 2, NULL, NULL, '1 BOTOL', 0, 0.00, 24000.00, 28800.00, 100.00, 1, NULL, NULL, '2023-09-16 16:20:27', '2023-09-16 16:20:27'),
	(628, NULL, NULL, 'MADU KURMA TJ 500 G', NULL, NULL, NULL, '', 0, 0.00, 0.00, 0.00, 100.00, 1, NULL, NULL, '2023-09-16 16:20:27', '2023-09-16 16:20:27'),
	(629, NULL, NULL, 'MADU RASA JERUK NIPIS', 17, NULL, NULL, '1 SACHET', 0, 0.00, 775.00, 930.00, 100.00, 1, NULL, NULL, '2023-09-16 16:20:27', '2023-09-16 16:20:27'),
	(630, NULL, NULL, 'MADU RASA JERUK NIPIS 150 G', 2, NULL, NULL, '1 BOTOL', 0, 0.00, 10000.00, 12000.00, 100.00, 1, NULL, NULL, '2023-09-16 16:20:27', '2023-09-16 16:20:27'),
	(631, NULL, NULL, 'MADU RASA ORIGINAL', 17, NULL, NULL, '1 SACHET', 0, 0.00, 775.00, 930.00, 100.00, 1, NULL, NULL, '2023-09-16 16:20:27', '2023-09-16 16:20:27'),
	(632, NULL, NULL, 'MADU RASA ORIGINAL 150', 2, NULL, NULL, '1 BOTOL', 0, 0.00, 10000.00, 12000.00, 100.00, 1, NULL, NULL, '2023-09-16 16:20:27', '2023-09-16 16:20:27'),
	(633, NULL, NULL, 'MADU RATU LEBAH HITAM PAHIT 470GR', 2, NULL, NULL, '1 BOTOL', 0, 0.00, 44000.00, 52800.00, 100.00, 1, NULL, NULL, '2023-09-16 16:20:27', '2023-09-16 16:20:27'),
	(634, NULL, NULL, 'MADU SP', 2, NULL, NULL, '1 BOTOL', 0, 0.00, 42000.00, 50400.00, 100.00, 1, NULL, NULL, '2023-09-16 16:20:27', '2023-09-16 16:20:27'),
	(635, NULL, NULL, 'MADU SUKA', 2, NULL, NULL, '1 BOTOL', 0, 0.00, 45000.00, 54000.00, 100.00, 1, NULL, NULL, '2023-09-16 16:20:27', '2023-09-16 16:20:27'),
	(636, NULL, NULL, 'MADU TJ  EXTRA 150 G', 2, NULL, NULL, '1 BOTOL', 0, 0.00, 18000.00, 21600.00, 100.00, 1, NULL, NULL, '2023-09-16 16:20:27', '2023-09-16 16:20:27'),
	(637, NULL, NULL, 'MADU TJ EXTRA 250 G', 2, NULL, NULL, '1 BOTOL', 0, 0.00, 27000.00, 32400.00, 100.00, 1, NULL, NULL, '2023-09-16 16:20:27', '2023-09-16 16:20:27'),
	(638, NULL, NULL, 'MADU TJ EXTRA 500 G', 2, NULL, NULL, '1 BOTOL', 0, 0.00, 45000.00, 54000.00, 100.00, 1, NULL, NULL, '2023-09-16 16:20:28', '2023-09-16 16:20:28'),
	(639, NULL, NULL, 'MADU TJ HITAM PAHIT 250GR', 2, NULL, NULL, '1 BOTOL', 0, 0.00, 25000.00, 30000.00, 100.00, 1, NULL, NULL, '2023-09-16 16:20:28', '2023-09-16 16:20:28'),
	(640, NULL, NULL, 'MADU TJ JAHE MERAH 150 G', 2, NULL, NULL, '1 BOTOL', 0, 0.00, 18000.00, 21600.00, 100.00, 1, NULL, NULL, '2023-09-16 16:20:28', '2023-09-16 16:20:28'),
	(641, NULL, NULL, 'MADU TJ JAHE MERAH 250 G', 2, NULL, NULL, '1 BOTOL', 0, 0.00, 27000.00, 32400.00, 100.00, 1, NULL, NULL, '2023-09-16 16:20:28', '2023-09-16 16:20:28'),
	(642, NULL, NULL, 'MADU TJ JAHE MERAH 500 G', 2, NULL, NULL, '1 BOTOL', 0, 0.00, 45000.00, 54000.00, 100.00, 1, NULL, NULL, '2023-09-16 16:20:28', '2023-09-16 16:20:28'),
	(643, NULL, NULL, 'MADU TJ JERUK', 17, NULL, NULL, '1 SACHET', 0, 0.00, 750.00, 900.00, 100.00, 1, NULL, NULL, '2023-09-16 16:20:28', '2023-09-16 16:20:28'),
	(644, NULL, NULL, 'MADU TJ LEMON 150 G', 2, NULL, NULL, '1 BOTOL', 0, 0.00, 16000.00, 19200.00, 100.00, 1, NULL, NULL, '2023-09-16 16:20:28', '2023-09-16 16:20:28'),
	(645, NULL, NULL, 'MADU TJ MASUK ANGIN 150 G', 2, NULL, NULL, '1 BOTOL', 0, 0.00, 16000.00, 19200.00, 100.00, 1, NULL, NULL, '2023-09-16 16:20:28', '2023-09-16 16:20:28'),
	(646, NULL, NULL, 'MADU TJ MURNI 150 G', 2, NULL, NULL, '1 BOTOL', 0, 0.00, 16000.00, 19200.00, 100.00, 1, NULL, NULL, '2023-09-16 16:20:28', '2023-09-16 16:20:28'),
	(647, NULL, NULL, 'MADU TJ MURNI 250 G', 2, NULL, NULL, '1 BOTOL', 0, 0.00, 24000.00, 28800.00, 100.00, 1, NULL, NULL, '2023-09-16 16:20:28', '2023-09-16 16:20:28'),
	(648, NULL, NULL, 'MADU TJ MURNI 500 G', 2, NULL, NULL, '1 BOTOL', 0, 0.00, 39000.00, 46800.00, 100.00, 1, NULL, NULL, '2023-09-16 16:20:28', '2023-09-16 16:20:28'),
	(649, NULL, NULL, 'MADU TJ OBH 150 G', 2, NULL, NULL, '1 BOTOL', 0, 0.00, 16000.00, 19200.00, 100.00, 1, NULL, NULL, '2023-09-16 16:20:28', '2023-09-16 16:20:28'),
	(650, NULL, NULL, 'MADU TJ ORIGINAL', 17, NULL, NULL, '1 SACHET', 0, 0.00, 750.00, 900.00, 100.00, 1, NULL, NULL, '2023-09-16 16:20:28', '2023-09-16 16:20:28'),
	(651, NULL, NULL, 'MADU ZURIAT PROMIL 350GR', 2, NULL, NULL, '1 BOTOL', 0, 0.00, 40000.00, 48000.00, 100.00, 1, NULL, NULL, '2023-09-16 16:20:28', '2023-09-16 16:20:28'),
	(652, NULL, NULL, 'MAJAKANI DIETIN', 17, NULL, 'ELESKA PRIMA TIGA', '1 BOX X 12 SACHET', 0, 0.00, 0.00, 0.00, 100.00, 1, NULL, NULL, '2023-09-16 16:20:28', '2023-09-16 16:20:28'),
	(653, NULL, NULL, 'MAJAKANI PERAPAT', 17, NULL, 'ELESKA PRIMA TIGA', '1 BOX X 12 SACHET', 0, 0.00, 0.00, 0.00, 100.00, 1, NULL, NULL, '2023-09-16 16:20:28', '2023-09-16 16:20:28'),
	(654, NULL, NULL, 'MAJAKANI RAPET WANGI PIL', 3, NULL, 'ELESKA PRIMA TIGA', '1 BOX X 12 SACHET X 6 TABLET', 0, 0.00, 0.00, 0.00, 100.00, 1, NULL, NULL, '2023-09-16 16:20:28', '2023-09-16 16:20:28'),
	(655, NULL, NULL, 'MAJAKANI RAPET WANGI SERBUK', 3, NULL, 'ELESKA PRIMA TIGA', '1 BOX X 12 SACHET X 6 TABLET', 0, 0.00, 0.00, 0.00, 100.00, 1, NULL, NULL, '2023-09-16 16:20:28', '2023-09-16 16:20:28'),
	(656, NULL, NULL, 'MBK', 1, NULL, 'BAHAGIA IDKHO MANDIRI', '1 BOX X 12 PCS', 0, 0.00, 1800.00, 2500.00, 100.00, 1, NULL, NULL, '2023-09-16 16:20:28', '2023-09-16 16:20:28'),
	(657, NULL, NULL, 'MBK SUPER', 1, NULL, 'BAHAGIA IDKHO MANDIRI', '1 BOX X 3 PCS', 0, 0.00, 2400.00, 3000.00, 100.00, 1, NULL, NULL, '2023-09-16 16:20:28', '2023-09-16 16:20:28'),
	(658, NULL, NULL, 'MEDICATED OIL 12ML', 2, NULL, 'PT. FITTO NATURA MEDICA', '1 BOTOL', 0, 0.00, 0.00, 0.00, 100.00, 1, NULL, NULL, '2023-09-16 16:20:28', '2023-09-16 16:20:28'),
	(659, NULL, NULL, 'MEDICATED OIL 2OML', 2, NULL, 'PT. FITTO NATURA MEDICA', '1 BOTOL', 0, 0.00, 0.00, 0.00, 100.00, 1, NULL, NULL, '2023-09-16 16:20:28', '2023-09-16 16:20:28'),
	(660, NULL, NULL, 'MENTHOL DRAGON 20GR', 9, NULL, 'DRAGON PRIMA FARMA', '1 TUBE', 0, 0.00, 0.00, 0.00, 100.00, 1, NULL, NULL, '2023-09-16 16:20:28', '2023-09-16 16:20:28'),
	(661, NULL, NULL, 'MENTHOL DRAGON 3GR', 9, NULL, 'DRAGON PRIMA FARMA', '1 TUBE', 0, 0.00, 0.00, 0.00, 100.00, 1, NULL, NULL, '2023-09-16 16:20:28', '2023-09-16 16:20:28'),
	(662, NULL, NULL, 'MENTHOL DRAGON 5GR', 9, NULL, 'DRAGON PRIMA FARMA', '1 TUBE', 0, 0.00, 0.00, 0.00, 100.00, 1, NULL, NULL, '2023-09-16 16:20:28', '2023-09-16 16:20:28'),
	(663, NULL, NULL, 'MENTHOL DRAGON 8GR', 9, NULL, 'DRAGON PRIMA FARMA', '1 TUBE', 0, 0.00, 0.00, 0.00, 100.00, 1, NULL, NULL, '2023-09-16 16:20:28', '2023-09-16 16:20:28'),
	(664, NULL, NULL, 'MICROLAX GEL', 9, NULL, NULL, '1 TUBE', 0, 0.00, 18000.00, 21600.00, 100.00, 1, NULL, NULL, '2023-09-16 16:20:28', '2023-09-16 16:20:28'),
	(665, NULL, NULL, 'MINYAK ANGIN CAP LANG 12ML', 2, NULL, 'EAGLE INDO PHARMA', '1 BOTOL', 0, 0.00, 16000.00, 19200.00, 100.00, 1, NULL, NULL, '2023-09-16 16:20:28', '2023-09-16 16:20:28'),
	(666, NULL, NULL, 'MINYAK ANGIN CAP LANG 24ML', 2, NULL, 'EAGLE INDO PHARMA', '1 BOTOL', 0, 0.00, 31666.00, 38000.00, 100.00, 1, NULL, NULL, '2023-09-16 16:20:28', '2023-09-16 16:20:28'),
	(667, NULL, NULL, 'MINYAK ANGIN CAP LANG 3ML', 2, NULL, 'EAGLE INDO PHARMA', '1 BOTOL', 0, 0.00, 5803.00, 7000.00, 100.00, 1, NULL, NULL, '2023-09-16 16:20:28', '2023-09-16 16:20:28'),
	(668, NULL, NULL, 'MINYAK ANGIN CAP LANG 6ML', 2, NULL, 'EAGLE INDO PHARMA', '1 BOTOL', 0, 0.00, 8750.00, 10500.00, 100.00, 1, NULL, NULL, '2023-09-16 16:20:28', '2023-09-16 16:20:28'),
	(669, NULL, NULL, 'MINYAK ANGIN KAPAK 3ML', 2, NULL, 'YAHI UTAMA', '1 BOTOL', 0, 0.00, 4850.00, 6000.00, 100.00, 1, NULL, NULL, '2023-09-16 16:20:28', '2023-09-16 16:20:28'),
	(670, NULL, NULL, 'MINYAK ANGIN KAPAK 5ML', 2, NULL, 'YAHI UTAMA', '1 BOTOL', 0, 0.00, 9600.00, 11500.00, 100.00, 1, NULL, NULL, '2023-09-16 16:20:28', '2023-09-16 16:20:28'),
	(671, NULL, NULL, 'MINYAK ANGIN KAPAK 10ML', 2, NULL, 'YAHI UTAMA', '1 BOTOL', 0, 0.00, 13000.00, 15600.00, 100.00, 1, NULL, NULL, '2023-09-16 16:20:28', '2023-09-16 16:20:28'),
	(672, NULL, NULL, 'MINYAK ANGIN KAPAK 14ML', 2, NULL, 'YAHI UTAMA', '1 BOTOL', 0, 0.00, 21000.00, 25200.00, 100.00, 1, NULL, NULL, '2023-09-16 16:20:28', '2023-09-16 16:20:28'),
	(673, NULL, NULL, 'MINYAK ANGIN KAPAK 28ML', 2, NULL, 'YAHI UTAMA', '1 BOTOL', 0, 0.00, 31000.00, 37200.00, 100.00, 1, NULL, NULL, '2023-09-16 16:20:28', '2023-09-16 16:20:28'),
	(674, NULL, NULL, 'MINYAK ANGIN KAPAK 56ML', 2, NULL, 'YAHI UTAMA', '1 BOTOL', 0, 0.00, 65000.00, 78000.00, 100.00, 1, NULL, NULL, '2023-09-16 16:20:28', '2023-09-16 16:20:28'),
	(675, NULL, NULL, 'MINYAK ANGIN POLA BEAR BRAND 18ML', 2, NULL, 'PT. GRANINDO', '1 BOTOL', 0, 0.00, 0.00, 0.00, 100.00, 1, NULL, NULL, '2023-09-16 16:20:28', '2023-09-16 16:20:28'),
	(676, NULL, NULL, 'MINYAK ANGIN POLA BEAR BRAND 27ML', 2, NULL, 'PT. GRANINDO', '1 BOTOL', 0, 0.00, 0.00, 0.00, 100.00, 1, NULL, NULL, '2023-09-16 16:20:28', '2023-09-16 16:20:28'),
	(677, NULL, NULL, 'MINYAK EA ORGINAL 210ML', 2, NULL, NULL, '1 BOTOL', 0, 0.00, 62333.00, 75000.00, 100.00, 1, NULL, NULL, '2023-09-16 16:20:28', '2023-09-16 16:20:28'),
	(678, NULL, NULL, 'MINYAK EA ORI/LAVENDER/ROSE/GREEN TEA 120', 2, NULL, NULL, '1 BOTOL', 0, 0.00, 36750.00, 44100.00, 100.00, 1, NULL, NULL, '2023-09-16 16:20:28', '2023-09-16 16:20:28'),
	(679, NULL, NULL, 'MINYAK EA ORI/LAVENDER/ROSE/GREEN TEA 15', 2, NULL, NULL, '1 BOTOL', 0, 0.00, 5416.00, 6500.00, 100.00, 1, NULL, NULL, '2023-09-16 16:20:28', '2023-09-16 16:20:28'),
	(680, NULL, NULL, 'MINYAK EA ORI/LAVENDER/ROSE/GREEN TEA 30', 2, NULL, NULL, '1 BOTOL', 0, 0.00, 9916.00, 11900.00, 100.00, 1, NULL, NULL, '2023-09-16 16:20:28', '2023-09-16 16:20:28'),
	(681, NULL, NULL, 'MINYAK EA ORI/LAVENDER/ROSE/GREEN TEA 60', 2, NULL, NULL, '1 BOTOL', 0, 0.00, 9083.00, 10900.00, 100.00, 1, NULL, NULL, '2023-09-16 16:20:28', '2023-09-16 16:20:28'),
	(682, NULL, NULL, 'MINYAK GANDA PURA 30ML', 2, NULL, 'IKAPHARMINDO', '1 BOTOL', 0, 0.00, 6500.00, 7800.00, 100.00, 1, NULL, NULL, '2023-09-16 16:20:28', '2023-09-16 16:20:28'),
	(683, NULL, NULL, 'MINYAK GANDA PURA 60ML', 2, NULL, 'IKAPHARMINDO', '1 BOTOL', 0, 0.00, 11500.00, 13800.00, 100.00, 1, NULL, NULL, '2023-09-16 16:20:28', '2023-09-16 16:20:28'),
	(684, NULL, NULL, 'MINYAK GOSOK BALJITOT 50ML', 2, NULL, 'PT. ULTRA SAKTI', '1 BOTOL', 0, 0.00, 9000.00, 10800.00, 100.00, 1, NULL, NULL, '2023-09-16 16:20:28', '2023-09-16 16:20:28'),
	(685, NULL, NULL, 'MINYAK KAYU PUITH CAP AYAM 12ML', 2, NULL, 'PJ SARI WANGI', '1 BOTOL', 0, 0.00, 7490.00, 9000.00, 100.00, 1, NULL, NULL, '2023-09-16 16:20:28', '2023-09-16 16:20:28'),
	(686, NULL, NULL, 'MINYAK KAYU PUITH CAP AYAM 150ML', 2, NULL, 'PJ SARI WANGI', '1 BOTOL', 0, 0.00, 63130.00, 76000.00, 100.00, 1, NULL, NULL, '2023-09-16 16:20:28', '2023-09-16 16:20:28'),
	(687, NULL, NULL, 'MINYAK KAYU PUITH CAP AYAM 25ML', 2, NULL, 'PJ SARI WANGI', '1 BOTOL', 0, 0.00, 12305.00, 14800.00, 100.00, 1, NULL, NULL, '2023-09-16 16:20:28', '2023-09-16 16:20:28'),
	(688, NULL, NULL, 'MINYAK KAYU PUITH CAP AYAM 40ML', 2, NULL, 'PJ SARI WANGI', '1 BOTOL', 0, 0.00, 18618.00, 22400.00, 100.00, 1, NULL, NULL, '2023-09-16 16:20:28', '2023-09-16 16:20:28'),
	(689, NULL, NULL, 'MINYAK KAYU PUTIH 120ML', 2, NULL, 'EAGLE INDO PHARMA', '1 BOTOL', 0, 0.00, 33416.00, 40200.00, 100.00, 1, NULL, NULL, '2023-09-16 16:20:28', '2023-09-16 16:20:28'),
	(690, NULL, NULL, 'MINYAK KAYU PUTIH 15ML', 2, NULL, 'EAGLE INDO PHARMA', '1 BOTOL', 0, 0.00, 4916.00, 6000.00, 100.00, 1, NULL, NULL, '2023-09-16 16:20:28', '2023-09-16 16:20:28'),
	(691, NULL, NULL, 'MINYAK KAYU PUTIH 210ML', 2, NULL, 'EAGLE INDO PHARMA', '1 BOTOL', 0, 0.00, 57750.00, 69000.00, 100.00, 1, NULL, NULL, '2023-09-16 16:20:28', '2023-09-16 16:20:28'),
	(692, NULL, NULL, 'MINYAK KAYU PUTIH 30ML', 2, NULL, 'EAGLE INDO PHARMA', '1 BOTOL', 0, 0.00, 9000.00, 10800.00, 100.00, 1, NULL, NULL, '2023-09-16 16:20:28', '2023-09-16 16:20:28'),
	(693, NULL, NULL, 'MINYAK KAYU PUTIH 60ML', 2, NULL, 'EAGLE INDO PHARMA', '1 BOTOL', 0, 0.00, 17333.00, 20800.00, 100.00, 1, NULL, NULL, '2023-09-16 16:20:28', '2023-09-16 16:20:28'),
	(694, NULL, NULL, 'MINYAK KAYU PUTIH EUCALIPTUS AROMA ROSE', 2, NULL, 'EAGLE INDO PHARMA', '1 BOTOL', 0, 0.00, 0.00, 0.00, 100.00, 1, NULL, NULL, '2023-09-16 16:20:28', '2023-09-16 16:20:28'),
	(695, NULL, NULL, 'MINYAK KAYU PUTIH EUCALIPTUS AROMA TERAPI', 2, NULL, 'EAGLE INDO PHARMA', '1 BOTOL', 0, 0.00, 0.00, 0.00, 100.00, 1, NULL, NULL, '2023-09-16 16:20:28', '2023-09-16 16:20:28'),
	(696, NULL, NULL, 'MINYAK KAYU PUTIH PLUS 12 JAM 120ML', 2, NULL, 'EAGLE INDO PHARMA', '1 BOTOL', 0, 0.00, 36750.00, 44100.00, 100.00, 1, NULL, NULL, '2023-09-16 16:20:28', '2023-09-16 16:20:28'),
	(697, NULL, NULL, 'MINYAK OTOT GELIGA 3OML', 2, NULL, 'EAGLE INDO PHARMA', '1 BOTOL', 0, 0.00, 11500.00, 13800.00, 100.00, 1, NULL, NULL, '2023-09-16 16:20:28', '2023-09-16 16:20:28'),
	(698, NULL, NULL, 'MINYAK OTOT GELIGA 60ML', 2, NULL, 'EAGLE INDO PHARMA', '1 BOTOL', 0, 0.00, 20000.00, 24000.00, 100.00, 1, NULL, NULL, '2023-09-16 16:20:28', '2023-09-16 16:20:28'),
	(699, NULL, NULL, 'MINYAK SEREH SITRONESIA 30', 2, NULL, 'EAGLE INDO PHARMA', '1 BOTOL', 0, 0.00, 4750.00, 5800.00, 100.00, 1, NULL, NULL, '2023-09-16 16:20:28', '2023-09-16 16:20:28'),
	(700, NULL, NULL, 'MINYAK SEREH SITRONESIA 60', 2, NULL, 'EAGLE INDO PHARMA', '1 BOTOL', 0, 0.00, 8333.00, 10000.00, 100.00, 1, NULL, NULL, '2023-09-16 16:20:28', '2023-09-16 16:20:28'),
	(701, NULL, NULL, 'MINYAK TAWON CC', 2, NULL, 'TAWON JAYA MAKASSAR', '1 BOTOL', 0, 0.00, 18000.00, 21600.00, 100.00, 1, NULL, NULL, '2023-09-16 16:20:28', '2023-09-16 16:20:28'),
	(702, NULL, NULL, 'MINYAK TAWON DD', 2, NULL, 'TAWON JAYA MAKASSAR', '1 BOTOL', 0, 0.00, 24000.00, 28800.00, 100.00, 1, NULL, NULL, '2023-09-16 16:20:28', '2023-09-16 16:20:28'),
	(703, NULL, NULL, 'MINYAK TAWON EE', 2, NULL, 'TAWON JAYA MAKASSAR', '1 BOTOL', 0, 0.00, 39000.00, 46800.00, 100.00, 1, NULL, NULL, '2023-09-16 16:20:28', '2023-09-16 16:20:28'),
	(704, NULL, NULL, 'MINYAK TAWON FF', 2, NULL, 'TAWON JAYA MAKASSAR', '1 BOTOL', 0, 0.00, 55000.00, 66000.00, 100.00, 1, NULL, NULL, '2023-09-16 16:20:28', '2023-09-16 16:20:28'),
	(705, NULL, NULL, 'MINYAK TELON LANG 100ML', 2, NULL, 'EAGLE INDO PHARMA', '1 BOTOL', 0, 0.00, 23083.00, 28000.00, 100.00, 1, NULL, NULL, '2023-09-16 16:20:28', '2023-09-16 16:20:28'),
	(706, NULL, NULL, 'MINYAK TELON LANG 150ML', 2, NULL, 'EAGLE INDO PHARMA', '1 BOTOL', 0, 0.00, 32666.00, 40000.00, 100.00, 1, NULL, NULL, '2023-09-16 16:20:28', '2023-09-16 16:20:28'),
	(707, NULL, NULL, 'MINYAK TELON LANG 15ML', 2, NULL, 'EAGLE INDO PHARMA', '1 BOTOL', 0, 0.00, 4550.00, 5460.00, 100.00, 1, NULL, NULL, '2023-09-16 16:20:28', '2023-09-16 16:20:28'),
	(708, NULL, NULL, 'MINYAK TELON LANG 30ML', 2, NULL, 'EAGLE INDO PHARMA', '1 BOTOL', 0, 0.00, 8166.00, 9800.00, 100.00, 1, NULL, NULL, '2023-09-16 16:20:28', '2023-09-16 16:20:28'),
	(709, NULL, NULL, 'MINYAK TELON LANG 60ML', 2, NULL, 'EAGLE INDO PHARMA', '1 BOTOL', 0, 0.00, 14333.00, 17000.00, 100.00, 1, NULL, NULL, '2023-09-16 16:20:28', '2023-09-16 16:20:28'),
	(710, NULL, NULL, 'MINYAK TELON LANG PLUS 100ML', 2, NULL, 'EAGLE INDO PHARMA', '1 BOTOL', 0, 0.00, 23666.00, 28400.00, 100.00, 1, NULL, NULL, '2023-09-16 16:20:28', '2023-09-16 16:20:28'),
	(711, NULL, NULL, 'MINYAK TELON LANG PLUS 150ML', 2, NULL, 'EAGLE INDO PHARMA', '1 BOTOL', 0, 0.00, 33416.00, 40100.00, 100.00, 1, NULL, NULL, '2023-09-16 16:20:28', '2023-09-16 16:20:28'),
	(712, NULL, NULL, 'MINYAK TELON LANG PLUS 15ML', 2, NULL, 'EAGLE INDO PHARMA', '1 BOTOL', 0, 0.00, 4633.00, 5600.00, 100.00, 1, NULL, NULL, '2023-09-16 16:20:28', '2023-09-16 16:20:28'),
	(713, NULL, NULL, 'MINYAK TELON LANG PLUS 30ML', 2, NULL, 'EAGLE INDO PHARMA', '1 BOTOL', 0, 0.00, 8333.00, 10000.00, 100.00, 1, NULL, NULL, '2023-09-16 16:20:28', '2023-09-16 16:20:28'),
	(714, NULL, NULL, 'MINYAK TELON LANG PLUS 60ML', 2, NULL, 'EAGLE INDO PHARMA', '1 BOTOL', 0, 0.00, 14666.00, 17600.00, 100.00, 1, NULL, NULL, '2023-09-16 16:20:28', '2023-09-16 16:20:28'),
	(715, NULL, NULL, 'MINYAK URUT GPU SEREH 30ML', 2, NULL, 'EAGLE INDO PHARMA', '1 BOTOL', 0, 0.00, 6800.00, 8160.00, 100.00, 1, NULL, NULL, '2023-09-16 16:20:28', '2023-09-16 16:20:28'),
	(716, NULL, NULL, 'MINYAK URUT GPU SEREH 60ML', 2, NULL, 'EAGLE INDO PHARMA', '1 BOTOL', 0, 0.00, 14000.00, 16800.00, 100.00, 1, NULL, NULL, '2023-09-16 16:20:28', '2023-09-16 16:20:28'),
	(717, NULL, NULL, 'MUCOS SYP', 2, NULL, NULL, '1 BOTOL', 0, 0.00, 13620.00, 16344.00, 100.00, 1, NULL, NULL, '2023-09-16 16:20:28', '2023-09-16 16:20:28'),
	(718, NULL, NULL, 'MY BABY MINYAK TELON PLUS 150ML', 2, NULL, 'TEMPO NATURAL', '1 BOTOL', 0, 0.00, 0.00, 0.00, 100.00, 1, NULL, NULL, '2023-09-16 16:20:28', '2023-09-16 16:20:28'),
	(719, NULL, NULL, 'MY BABY MINYAK TELON PLUS 60ML', 2, NULL, 'TEMPO NATURAL', '1 BOTOL', 0, 0.00, 0.00, 0.00, 100.00, 1, NULL, NULL, '2023-09-16 16:20:28', '2023-09-16 16:20:28'),
	(720, NULL, NULL, 'MY BABY MINYAK TELON PLUS 90ML', 2, NULL, 'TEMPO NATURAL', '1 BOTOL', 0, 0.00, 0.00, 0.00, 100.00, 1, NULL, NULL, '2023-09-16 16:20:28', '2023-09-16 16:20:28'),
	(721, NULL, NULL, 'MY BABY MINYAK TELON PLUS LANGER PROTECTION 150ML', 2, NULL, 'TEMPO NATURAL', '1 BOTOL', 0, 0.00, 0.00, 0.00, 100.00, 1, NULL, NULL, '2023-09-16 16:20:28', '2023-09-16 16:20:28'),
	(722, NULL, NULL, 'MY BABY MINYAK TELON PLUS LANGER PROTECTION 60ML', 2, NULL, 'TEMPO NATURAL', '1 BOTOL', 0, 0.00, 0.00, 0.00, 100.00, 1, NULL, NULL, '2023-09-16 16:20:28', '2023-09-16 16:20:28'),
	(723, NULL, NULL, 'MY BABY MINYAK TELON PLUS LANGER PROTECTION 90ML', 2, NULL, 'TEMPO NATURAL', '1 BOTOL', 0, 0.00, 0.00, 0.00, 100.00, 1, NULL, NULL, '2023-09-16 16:20:28', '2023-09-16 16:20:28'),
	(724, NULL, NULL, 'MY BABY MINYAK TELON PLUS LAVENDER 150ML', 2, NULL, 'TEMPO NATURAL', '1 BOTOL', 0, 0.00, 0.00, 0.00, 100.00, 1, NULL, NULL, '2023-09-16 16:20:28', '2023-09-16 16:20:28'),
	(725, NULL, NULL, 'MY BABY MINYAK TELON PLUS LAVENDER 60ML', 2, NULL, 'TEMPO NATURAL', '1 BOTOL', 0, 0.00, 0.00, 0.00, 100.00, 1, NULL, NULL, '2023-09-16 16:20:28', '2023-09-16 16:20:28'),
	(726, NULL, NULL, 'MY BABY MINYAK TELON PLUS LAVENDER 90ML', 2, NULL, 'TEMPO NATURAL', '1 BOTOL', 0, 0.00, 0.00, 0.00, 100.00, 1, NULL, NULL, '2023-09-16 16:20:28', '2023-09-16 16:20:28'),
	(727, NULL, NULL, 'NANOTECH EUCA CARD 2GR', NULL, NULL, NULL, '', 0, 0.00, 27045.00, 32454.00, 100.00, 1, NULL, NULL, '2023-09-16 16:20:28', '2023-09-16 16:20:28'),
	(728, NULL, NULL, 'NATUR E300 16', 4, NULL, 'DARYA VARIA', '1 BOX X 4 STRIP X 4 KAPSUL', 0, 0.00, 33000.00, 39600.00, 100.00, 1, NULL, NULL, '2023-09-16 16:20:28', '2023-09-16 16:20:28'),
	(729, NULL, NULL, 'NEO RHEUMACYL NEURO', 1, NULL, NULL, '1 PCS', 0, 0.00, 8260.00, 10000.00, 100.00, 1, NULL, NULL, '2023-09-16 16:20:28', '2023-09-16 16:20:28'),
	(730, NULL, NULL, 'NEOSEP FORTE TAB\'S', 3, NULL, NULL, '1 BOX X 25 STRIP X 4 TABLET', 0, 0.00, 506.25, 607.50, 100.00, 1, NULL, NULL, '2023-09-16 16:20:28', '2023-09-16 16:20:28'),
	(731, NULL, NULL, 'NORIT 40', NULL, NULL, NULL, '', 0, 0.00, 158000.00, 189600.00, 100.00, 1, NULL, NULL, '2023-09-16 16:20:28', '2023-09-16 16:20:28'),
	(732, NULL, NULL, 'ORALIT', 1, NULL, 'RAMA PHARMA', '1 BOX X 100 PCS', 0, 0.00, 420.00, 504.00, 100.00, 1, NULL, NULL, '2023-09-16 16:20:28', '2023-09-16 16:20:28'),
	(733, NULL, NULL, 'PAKET BERSALIN LENGKAP SELAPAN PIL BOX', 6, NULL, 'AIR MANCUR', '1 BOX', 0, 0.00, 143856.00, 172627.00, 100.00, 1, NULL, NULL, '2023-09-16 16:20:28', '2023-09-16 16:20:28'),
	(734, NULL, NULL, 'PAMOL SIRUP 60 ML', 2, NULL, 'INTERBAT', '1 BOTOL', 0, 0.00, 0.00, 35000.00, 100.00, 1, NULL, NULL, '2023-09-16 16:20:28', '2023-09-16 16:20:28'),
	(735, NULL, NULL, 'PARAM KOCOK 25ML', 2, NULL, 'AIR MANCUR', '1 BOTOL', 0, 0.00, 6439.00, 7727.00, 100.00, 1, NULL, NULL, '2023-09-16 16:20:28', '2023-09-16 16:20:28'),
	(736, NULL, NULL, 'PARAM KOCOK 75ML', 2, NULL, 'AIR MANCUR', '1 BOTOL', 0, 0.00, 14430.00, 17316.00, 100.00, 1, NULL, NULL, '2023-09-16 16:20:28', '2023-09-16 16:20:28'),
	(737, NULL, NULL, 'PARATUSIN SYRUP 60 ML', 2, NULL, 'DARYA VARIA', '1 BOTOL', 0, 0.00, 32400.00, 39000.00, 100.00, 1, NULL, NULL, '2023-09-16 16:20:28', '2023-09-16 16:20:28'),
	(738, NULL, NULL, 'PARCOK 25ML', 2, NULL, 'AIR MANCUR', '1 BOTOL', 0, 0.00, 7000.00, 8400.00, 100.00, 1, NULL, NULL, '2023-09-16 16:20:28', '2023-09-16 16:20:28'),
	(739, NULL, NULL, 'PARCOK 75ML', 2, NULL, 'AIR MANCUR', '1 BOTOL', 0, 0.00, 14000.00, 16800.00, 100.00, 1, NULL, NULL, '2023-09-16 16:20:28', '2023-09-16 16:20:28'),
	(740, NULL, NULL, 'PEDITOX 50ML', 2, NULL, 'COMBIPHAR', '1 BOTOL', 0, 0.00, 8600.00, 10320.00, 100.00, 1, NULL, NULL, '2023-09-16 16:20:28', '2023-09-16 16:20:28'),
	(741, NULL, NULL, 'PIL BERSALIN AIR MANCUR 40 HARI', 6, NULL, 'AIR MANCUR', '1 BOX', 0, 0.00, 0.00, 0.00, 100.00, 1, NULL, NULL, '2023-09-16 16:20:28', '2023-09-16 16:20:28'),
	(742, NULL, NULL, 'PIL BERSALIN LENGKAP MUSTIKA AYU 20 H', 6, NULL, 'AIR MANCUR', '1 BOX', 0, 0.00, 70485.00, 84582.00, 100.00, 1, NULL, NULL, '2023-09-16 16:20:28', '2023-09-16 16:20:28'),
	(743, NULL, NULL, 'PIL BERSALIN LENGKAP MUSTIKA AYU 40 H', 6, NULL, 'AIR MANCUR', '1 BOX', 0, 0.00, 103785.00, 124542.00, 100.00, 1, NULL, NULL, '2023-09-16 16:20:28', '2023-09-16 16:20:28'),
	(744, NULL, NULL, 'PIL BINARI', 3, NULL, 'BINARY HERBAL MARKETING', '1 BOX X 12 SACHET X 12 TABLET', 0, 0.00, 0.00, 0.00, 100.00, 1, NULL, NULL, '2023-09-16 16:20:28', '2023-09-16 16:20:28'),
	(745, NULL, NULL, 'PIL SUSUT PERUT KALIMANTAN', 3, NULL, 'PJ AKAR RIMBA', '1 BOX X 10 SACHET X 6 TABLET', 0, 0.00, 0.00, 0.00, 100.00, 1, NULL, NULL, '2023-09-16 16:20:28', '2023-09-16 16:20:28'),
	(746, NULL, NULL, 'PLOSSA KAYU PUTIH ALAMI', 20, NULL, NULL, '1 INNER', 0, 0.00, 10000.00, 12000.00, 100.00, 1, NULL, NULL, '2023-09-16 16:20:28', '2023-09-16 16:20:28'),
	(747, NULL, NULL, 'PLOSSA PANASIN PEGELINU', 20, NULL, NULL, '1 INNER', 0, 0.00, 10000.00, 12000.00, 100.00, 1, NULL, NULL, '2023-09-16 16:20:28', '2023-09-16 16:20:28'),
	(748, NULL, NULL, 'PLOSSA RELAXING', 20, NULL, NULL, '1 INNER', 0, 0.00, 10000.00, 12000.00, 100.00, 1, NULL, NULL, '2023-09-16 16:20:28', '2023-09-16 16:20:28'),
	(749, NULL, NULL, 'PO CHAI PILL', 2, NULL, NULL, '1 BOX X 10 BOTOL', 0, 0.00, 0.00, 0.00, 100.00, 1, NULL, NULL, '2023-09-16 16:20:28', '2023-09-16 16:20:28'),
	(750, NULL, NULL, 'POLYSILANE SUSPENSI', 2, NULL, 'PHAROS IDN', '1 BOTOL', 0, 0.00, 20000.00, 24000.00, 100.00, 1, NULL, NULL, '2023-09-16 16:20:28', '2023-09-16 16:20:28'),
	(751, NULL, NULL, 'PROCOLD FLUE FE', 3, NULL, 'KALBE FARMA', '1 BOX X 24 STRIP X 6 TABLET', 0, 0.00, 560.00, 672.00, 100.00, 1, NULL, NULL, '2023-09-16 16:20:28', '2023-09-16 16:20:28'),
	(752, NULL, NULL, 'PROTECARE DESINFECTANT SPRAY ALL IN 200ML', NULL, NULL, NULL, '', 0, 0.00, 15158.00, 18200.00, 100.00, 1, NULL, NULL, '2023-09-16 16:20:28', '2023-09-16 16:20:28'),
	(753, NULL, NULL, 'RHINOFED SYRUP 60ML', 2, NULL, 'DEXA', '1 BOTOL', 0, 0.00, 36750.00, 44100.00, 100.00, 1, NULL, NULL, '2023-09-16 16:20:28', '2023-09-16 16:20:28'),
	(754, NULL, NULL, 'ROHTO COOL', 2, NULL, 'ROHTO LABORATORIES INDONESIA', '1 BOTOL', 0, 0.00, 13900.00, 16680.00, 100.00, 1, NULL, NULL, '2023-09-16 16:20:28', '2023-09-16 16:20:28'),
	(755, NULL, NULL, 'ROHTO DRY', 2, NULL, 'ROHTO LABORATORIES INDONESIA', '1 BOTOL', 0, 0.00, 13700.00, 16440.00, 100.00, 1, NULL, NULL, '2023-09-16 16:20:28', '2023-09-16 16:20:28'),
	(756, NULL, NULL, 'SAFECARE', 2, NULL, NULL, '1 BOTOL', 0, 0.00, 13000.00, 15600.00, 100.00, 1, NULL, NULL, '2023-09-16 16:20:28', '2023-09-16 16:20:28'),
	(757, NULL, NULL, 'SAKATONIK ABC GRAPE 30 TAB', 2, NULL, 'SAKA FARMA', '1 BOTOL', 0, 0.00, 14900.00, 17880.00, 100.00, 1, NULL, NULL, '2023-09-16 16:20:28', '2023-09-16 16:20:28'),
	(758, NULL, NULL, 'SAKATONIK ABC ORANGE 30 TAB', 2, NULL, 'SAKA FARMA', '1 BOTOL', 0, 0.00, 14900.00, 17880.00, 100.00, 1, NULL, NULL, '2023-09-16 16:20:28', '2023-09-16 16:20:28'),
	(759, NULL, NULL, 'SAKATONIK ABS STRAWBERRY 30 TAB', 2, NULL, 'SAKA FARMA', '1 BOTOL', 0, 0.00, 14900.00, 17880.00, 100.00, 1, NULL, NULL, '2023-09-16 16:20:28', '2023-09-16 16:20:28'),
	(760, NULL, NULL, 'SAKATONIK ACTIV 100ML', 2, NULL, NULL, '1 BOTOL', 0, 0.00, 11070.00, 13300.00, 100.00, 1, NULL, NULL, '2023-09-16 16:20:28', '2023-09-16 16:20:28'),
	(761, NULL, NULL, 'SAKATONIK ACTIV 310ML', 2, NULL, NULL, '1 BOTOL', 0, 0.00, 26490.00, 31800.00, 100.00, 1, NULL, NULL, '2023-09-16 16:20:28', '2023-09-16 16:20:28'),
	(762, NULL, NULL, 'SALEP ICHTYOL', 1, NULL, 'CITO', '1 PCS', 0, 0.00, 6500.00, 7800.00, 100.00, 1, NULL, NULL, '2023-09-16 16:20:28', '2023-09-16 16:20:28'),
	(763, NULL, NULL, 'SALISIL TALK WANGI BITRU', 17, NULL, 'GENERIC MANUFACTURER', '1 BOX X 12 SACHET', 0, 0.00, 0.00, 0.00, 100.00, 1, NULL, NULL, '2023-09-16 16:20:28', '2023-09-16 16:20:28'),
	(764, NULL, NULL, 'SALISIL TALK WANGI KUNING', 17, NULL, 'GENERIC MANUFACTURER', '1 BOX X 12 SACHET', 0, 0.00, 0.00, 0.00, 100.00, 1, NULL, NULL, '2023-09-16 16:20:28', '2023-09-16 16:20:28'),
	(765, NULL, NULL, 'SALOMPAS HOT', 17, NULL, NULL, '1 SACHET', 0, 0.00, 5500.00, 6600.00, 100.00, 1, NULL, NULL, '2023-09-16 16:20:28', '2023-09-16 16:20:28'),
	(766, NULL, NULL, 'SALOMPAS KOYO', 17, NULL, NULL, '1 SACHET', 0, 0.00, 5500.00, 6600.00, 100.00, 1, NULL, NULL, '2023-09-16 16:20:28', '2023-09-16 16:20:28'),
	(767, NULL, NULL, 'SALYCYL KIMIA FARMA', 15, NULL, 'KIMIA FARMA', '1 POT', 0, 0.00, 0.00, 0.00, 100.00, 1, NULL, NULL, '2023-09-16 16:20:28', '2023-09-16 16:20:28'),
	(768, NULL, NULL, 'SANMOL DROP 15ML', 2, NULL, NULL, '1 BOTOL', 0, 0.00, 17500.00, 21000.00, 100.00, 1, NULL, NULL, '2023-09-16 16:20:28', '2023-09-16 16:20:28'),
	(769, NULL, NULL, 'SCOOTS EMULSION VITA 200ML', 2, NULL, NULL, '1 BOTOL', 0, 0.00, 38304.00, 46000.00, 100.00, 1, NULL, NULL, '2023-09-16 16:20:28', '2023-09-16 16:20:28'),
	(770, NULL, NULL, 'SCRUBBER VEGETA HANGER', 17, NULL, NULL, '1 SACHET', 0, 0.00, 0.00, 0.00, 100.00, 1, NULL, NULL, '2023-09-16 16:20:28', '2023-09-16 16:20:28'),
	(771, NULL, NULL, 'SENSI PADS', 19, NULL, NULL, '1 PSC', 0, 0.00, 30000.00, 36000.00, 100.00, 1, NULL, NULL, '2023-09-16 16:20:28', '2023-09-16 16:20:28'),
	(772, NULL, NULL, 'SERBUK BERSALIN AIR MANCUR 40 HARI', 6, NULL, 'AIR MANCUR', '1 BOX', 0, 0.00, 0.00, 0.00, 100.00, 1, NULL, NULL, '2023-09-16 16:20:28', '2023-09-16 16:20:28'),
	(773, NULL, NULL, 'SERBUK BERSALIN LENGKAP MUSTIKA AYU 20 H', 6, NULL, 'AIR MANCUR', '1 BOX', 0, 0.00, 70485.00, 84582.00, 100.00, 1, NULL, NULL, '2023-09-16 16:20:28', '2023-09-16 16:20:28'),
	(774, NULL, NULL, 'SERBUK BERSALIN LENGKAP MUSTIKA AYU 40 H', 6, NULL, 'AIR MANCUR', '1 BOX', 0, 0.00, 103785.00, 124542.00, 100.00, 1, NULL, NULL, '2023-09-16 16:20:28', '2023-09-16 16:20:28'),
	(775, NULL, NULL, 'SERBUK RAMUAN FATIMAH', 3, NULL, NULL, '1 BOX X 10 SACHET X 24 TABLET', 0, 0.00, 0.00, 0.00, 100.00, 1, NULL, NULL, '2023-09-16 16:20:28', '2023-09-16 16:20:28'),
	(776, NULL, NULL, 'SRITI 10 GRAM', 1, NULL, 'TRI TUNGGAL CIPTA NUGRAH', '1 PCS', 0, 0.00, 8500.00, 10200.00, 100.00, 1, NULL, NULL, '2023-09-16 16:20:28', '2023-09-16 16:20:28'),
	(777, NULL, NULL, 'STOP COLD DRAGEE TAB\'S', 3, NULL, 'DARYA VARIA', '1 BOX X 25 STRIP X 4 TABLET', 0, 0.00, 379.00, 454.80, 100.00, 1, NULL, NULL, '2023-09-16 16:20:28', '2023-09-16 16:20:28'),
	(778, NULL, NULL, 'STREPSIL ORANGE 8S', 17, NULL, NULL, '1 SACHET', 0, 0.00, 15083.00, 18100.00, 100.00, 1, NULL, NULL, '2023-09-16 16:20:28', '2023-09-16 16:20:28'),
	(779, NULL, NULL, 'STREPSIL ORIGINAL 8S', 17, NULL, NULL, '1 SACHET', 0, 0.00, 15083.00, 18100.00, 100.00, 1, NULL, NULL, '2023-09-16 16:20:28', '2023-09-16 16:20:28'),
	(780, NULL, NULL, 'TEMPRA DROP 15ML', 2, NULL, NULL, '1 BOTOL', 0, 0.00, 41500.00, 49800.00, 100.00, 1, NULL, NULL, '2023-09-16 16:20:28', '2023-09-16 16:20:28'),
	(781, NULL, NULL, 'TJING TJAU BALSEM 20 GRAM', 1, NULL, 'TULUS INDO JAYA', '1 PCS', 0, 0.00, 19000.00, 22800.00, 100.00, 1, NULL, NULL, '2023-09-16 16:20:28', '2023-09-16 16:20:28'),
	(782, NULL, NULL, 'TJING TJAU BALSEM 36 GRAM', 1, NULL, 'TULUS INDO JAYA', '1 PCS', 0, 0.00, 12500.00, 15000.00, 100.00, 1, NULL, NULL, '2023-09-16 16:20:28', '2023-09-16 16:20:28'),
	(783, NULL, NULL, 'TRANSPULIMIN 10 GRAM', 9, NULL, 'MANARINI INDRIA LABORATORIES', '1 TUBE', 0, 0.00, 43000.00, 51500.00, 100.00, 1, NULL, NULL, '2023-09-16 16:20:28', '2023-09-16 16:20:28'),
	(784, NULL, NULL, 'TRIAMINIC BATUK & PILEK 60ML', 2, NULL, 'NOVARTIS', '1 BOTOL', 0, 0.00, 66000.00, 79200.00, 100.00, 1, NULL, NULL, '2023-09-16 16:20:28', '2023-09-16 16:20:28'),
	(785, NULL, NULL, 'TRIAMINIC EKSPEKTORAN/LEMON 60ML', 2, NULL, 'NOVARTIS', '1 BOTOL', 0, 0.00, 66000.00, 79200.00, 100.00, 1, NULL, NULL, '2023-09-16 16:20:28', '2023-09-16 16:20:28'),
	(786, NULL, NULL, 'TRIAMINIC PILEK SYRUP/JERUK 60ML', 2, NULL, 'NOVARTIS', '1 BOTOL', 0, 0.00, 66000.00, 79200.00, 100.00, 1, NULL, NULL, '2023-09-16 16:20:28', '2023-09-16 16:20:28'),
	(787, NULL, NULL, 'TROMBOGEL 10 GRAM', 9, NULL, 'TUNGGAL IDAMAN ABDI', '1 TUBE', 0, 0.00, 8300.00, 10000.00, 100.00, 1, NULL, NULL, '2023-09-16 16:20:28', '2023-09-16 16:20:28'),
	(788, NULL, NULL, 'TROMBOPHOP GEL 20 GRAM', 9, NULL, 'TUNGGAL IDAMAN ABDI', '1 TUBE', 0, 0.00, 37950.00, 45500.00, 100.00, 1, NULL, NULL, '2023-09-16 16:20:28', '2023-09-16 16:20:28'),
	(789, NULL, NULL, 'TUNTAS KAPSUL', 4, NULL, 'DELTOMED LABORATORIES', '1 BOX X 6 KAPSUL', 0, 0.00, 0.00, 0.00, 100.00, 1, NULL, NULL, '2023-09-16 16:20:28', '2023-09-16 16:20:28'),
	(790, NULL, NULL, 'ULTRASILIN 5 GRAM', 9, NULL, 'HENSON FARMA', '1 TUBE', 0, 0.00, 11910.00, 14500.00, 100.00, 1, NULL, NULL, '2023-09-16 16:20:28', '2023-09-16 16:20:28'),
	(791, NULL, NULL, 'V FRESH ORI/HOT/LAVENDER/BARLEYMINT/GREEN TEA 4ML', NULL, NULL, NULL, '', 0, 0.00, 4300.00, 5160.00, 100.00, 1, NULL, NULL, '2023-09-16 16:20:28', '2023-09-16 16:20:28'),
	(792, NULL, NULL, 'V FRESH ORI/HOT/LAVENDER/BARLEYMINT/GREEN TEA 8ML', NULL, NULL, NULL, '', 0, 0.00, 8450.00, 10140.00, 100.00, 1, NULL, NULL, '2023-09-16 16:20:28', '2023-09-16 16:20:28'),
	(793, NULL, NULL, 'VEGETA HERBAL @6 SACHET', 6, NULL, NULL, '1 BOX', 0, 0.00, 17000.00, 20400.00, 100.00, 1, NULL, NULL, '2023-09-16 16:20:28', '2023-09-16 16:20:28'),
	(794, NULL, NULL, 'VERBAN 15CM - MEGA 50\'S', 1, NULL, NULL, '1 PACK X 50 PCS', 0, 0.00, 1500.00, 3500.00, 100.00, 1, NULL, NULL, '2023-09-16 16:20:28', '2023-09-16 16:20:28'),
	(795, NULL, NULL, 'VERBAN 5CM - NARITA 100\'S', 1, NULL, 'NARITA FARMA', '1 PACK X 100 PCS', 0, 0.00, 550.00, 1500.00, 100.00, 1, NULL, NULL, '2023-09-16 16:20:28', '2023-09-16 16:20:28'),
	(796, NULL, NULL, 'VICKS FORMULA 44 100ML', 2, NULL, 'DARYA VARIA', '1 BOTOL', 0, 0.00, 25200.00, 30240.00, 100.00, 1, NULL, NULL, '2023-09-16 16:20:28', '2023-09-17 14:11:35'),
	(797, NULL, NULL, 'VICKS FORMULA 44 27ML', 2, NULL, 'DARYA VARIA', '1 BOTOL', 0, 0.00, 8600.00, 10320.00, 100.00, 1, NULL, NULL, '2023-09-16 16:20:28', '2023-09-17 14:13:49'),
	(798, NULL, NULL, 'VICKS FORMULA 44 54ML', 2, NULL, 'DARYA VARIA', '1 BOTOL', 0, 0.00, 16300.00, 19560.00, 100.00, 1, NULL, NULL, '2023-09-16 16:20:28', '2023-09-17 14:16:09'),
	(799, NULL, NULL, 'VICKS FORMULA 44 ANAK 27ML', 2, NULL, 'DARYA VARIA', '1 BOTOL', 0, 0.00, 9550.00, 11460.00, 100.00, 1, NULL, NULL, '2023-09-16 16:20:28', '2023-09-17 14:21:59'),
	(800, NULL, NULL, 'VICKS FORMULA 44 ANAK 54ML', 2, NULL, 'DARYA VARIA', '1 BOTOL', 0, 0.00, 17900.00, 21480.00, 100.00, 1, NULL, NULL, '2023-09-16 16:20:28', '2023-09-17 14:19:12'),
	(801, NULL, NULL, 'VICKS VAPORUB 10 GR', 1, NULL, 'P & G', '1 BOX X 12 PCS', 0, 0.00, 6410.00, 7692.00, 100.00, 1, NULL, NULL, '2023-09-16 16:20:28', '2023-09-16 16:20:28'),
	(802, NULL, NULL, 'VICKS VAPORUB 10GR', 1, NULL, 'DARYA VARIA', '1 BOX X 12 PCS', 0, 0.00, 7400.00, 8880.00, 100.00, 1, NULL, NULL, '2023-09-16 16:20:28', '2023-09-16 16:20:28'),
	(803, NULL, NULL, 'VICKS VAPORUB 25GR', 1, NULL, 'DARYA VARIA', '1 BOX X 3 PCS', 0, 0.00, 17700.00, 21240.00, 100.00, 1, NULL, NULL, '2023-09-16 16:20:28', '2023-09-16 16:20:28'),
	(804, NULL, NULL, 'VICKS VAPORUB 50GR', 1, NULL, 'DARYA VARIA', '1 BOX X 3 PCS', 0, 0.00, 30300.00, 36360.00, 100.00, 1, NULL, NULL, '2023-09-16 16:20:28', '2023-09-16 16:20:28'),
	(805, NULL, NULL, 'VITAL EAR OIL', 2, NULL, 'MEDIKON PRIMA LABORATORIES', '1 BOX X 12 BOTOL', 0, 0.00, 12700.00, 15300.00, 100.00, 1, NULL, NULL, '2023-09-16 16:20:28', '2023-09-16 16:20:28'),
	(806, NULL, NULL, 'WOODS COUGH SYRUP ANTITUSIFE 100 ML', 2, NULL, 'KALBE FARMA', '1 BOTOL', 0, 0.00, 27000.00, 32500.00, 100.00, 1, NULL, NULL, '2023-09-16 16:20:28', '2023-09-16 16:20:28'),
	(807, NULL, NULL, 'WOODS COUGH SYRUP ANTITUSIFE 60 ML', 2, NULL, 'KALBE FARMA', '1 BOTOL', 0, 0.00, 18400.00, 22000.00, 100.00, 1, NULL, NULL, '2023-09-16 16:20:28', '2023-09-16 16:20:28'),
	(808, NULL, NULL, 'WOODS COUGH SYRUP EXPECTORANT 60 ML', 2, NULL, 'KALBE FARMA', '1 BOTOL', 0, 0.00, 18400.00, 22000.00, 100.00, 1, NULL, NULL, '2023-09-16 16:20:28', '2023-09-16 16:20:28'),
	(809, NULL, NULL, 'TEST KIT 3IN1 MULTI GCU - EASY TOUCH', 18, NULL, NULL, '1 SET', 0, 0.00, 250000.00, 300000.00, 100.00, 1, NULL, NULL, '2023-09-17 07:30:40', '2023-09-17 07:30:40'),
	(810, NULL, NULL, 'SPUIT 3 CC 100S - ONEMED', 1, NULL, 'PT. JAYAMAS MEDICA INDUSTRI TBK', '1 BOX X 100 PCS', 0, 0.00, 866.00, 1500.00, 73.21, 1, NULL, NULL, '2023-09-17 07:30:41', '2023-09-17 14:52:26'),
	(811, NULL, NULL, 'INFUSION SET ADULT - GEA MEDICAL', 1, NULL, NULL, '1 PCS', 0, 0.00, 4600.00, 5520.00, 100.00, 1, NULL, NULL, '2023-09-17 07:30:41', '2023-09-17 07:30:41'),
	(812, NULL, NULL, 'ALKOHOL SWAB - ONEMED', 21, NULL, 'JAYAMAS MEDICA INDUSTRI', '1 BOX X 100 LEMBAR', 0, 0.00, 137.65, 165.18, 100.00, 1, NULL, NULL, '2023-09-17 07:30:41', '2023-09-17 07:30:41'),
	(813, NULL, NULL, 'BLOOD LANCET 100S 28G GC - GENERAH CARE', 1, NULL, NULL, '1 BOX X 100 PCS', 0, 0.00, 175.00, 210.00, 100.00, 1, NULL, NULL, '2023-09-17 07:30:41', '2023-09-17 07:30:41'),
	(814, NULL, NULL, 'DERFAMIX T 5 X 7CM 105 - ONEMED', 1, NULL, 'ONEMED', '1 BOX X 25 PCS', 0, 0.00, 1984.68, 2381.62, 100.00, 1, NULL, NULL, '2023-09-17 07:30:41', '2023-09-17 07:30:41'),
	(815, NULL, NULL, 'H202 3% 100ML - ONEMED', 2, NULL, 'ONEMED', '1 BOTOL', 0, 0.00, 5200.00, 6240.00, 100.00, 1, NULL, NULL, '2023-09-17 07:30:41', '2023-09-17 07:30:41'),
	(816, NULL, NULL, 'POVIDINE 60ML -MEDIKA', 2, NULL, 'GENERIC MANUFACTURE', '1 BOTOL', 0, 0.00, 8525.00, 10230.00, 100.00, 1, NULL, NULL, '2023-09-17 07:30:41', '2023-09-17 07:30:41'),
	(817, NULL, NULL, 'THERMOMETER GUN - LERKONN', 1, NULL, NULL, '1 PCS', 0, 0.00, 185000.00, 222000.00, 100.00, 1, NULL, NULL, '2023-09-17 07:30:41', '2023-09-17 07:30:41'),
	(818, NULL, NULL, 'THERMOMETER DIGITAL - BUZZLE', 1, NULL, NULL, '1 PCS', 0, 0.00, 25000.00, 30000.00, 100.00, 1, NULL, NULL, '2023-09-17 07:30:41', '2023-09-17 07:30:41'),
	(819, NULL, NULL, 'POVIDINE 30ML - MEDIKA', 2, NULL, NULL, '1 BOTOL', 0, 0.00, 4451.00, 5400.00, 100.00, 1, NULL, NULL, '2023-09-17 07:30:41', '2023-09-17 07:30:41'),
	(820, NULL, NULL, 'AMLODIPINE 5MG TAB (MEGAL)', 22, NULL, 'MEGA LIFESCIENC', '1 BOX X 10 STRIP X 10 TAB', 0, 0.00, 100.00, 120.00, 100.00, 1, NULL, NULL, '2023-09-17 07:30:41', '2023-09-17 07:30:41'),
	(821, NULL, NULL, 'BETADINE OINTMENT 5GR', 9, NULL, 'MUNDI PHARMA', '1 TUBE', 0, 0.00, 11555.00, 13866.00, 100.00, 1, NULL, NULL, '2023-09-17 07:30:41', '2023-09-17 07:30:41'),
	(822, NULL, NULL, 'BISOLVON KID SYRUP(KECIL)', 2, NULL, 'B.INGEHEIM', '1 BOTOL', 0, 0.00, 39657.00, 47588.00, 100.00, 1, NULL, NULL, '2023-09-17 07:30:41', '2023-09-17 07:30:41'),
	(823, NULL, NULL, 'BORAGINOL NOINTMENT', 9, NULL, 'TAKEDA', '1 TUBE', 0, 0.00, 78000.00, 93600.00, 100.00, 1, NULL, NULL, '2023-09-17 07:30:41', '2023-09-17 07:30:41'),
	(824, NULL, NULL, 'COOLING 5 SPRAY ORANGE', 2, NULL, 'NOVELL', '1 BOTOL', 0, 0.00, 32550.00, 39060.00, 100.00, 1, NULL, NULL, '2023-09-17 07:30:41', '2023-09-17 07:30:41'),
	(825, NULL, NULL, 'CURCUMA PLUS GROW ORANGE', 2, NULL, 'SOHO', '1 BOTOL', 0, 0.00, 24700.00, 29640.00, 100.00, 1, NULL, NULL, '2023-09-17 07:30:41', '2023-09-17 07:30:41'),
	(826, NULL, NULL, 'CURCUMA PLUS GROW STRAWBERRY', 2, NULL, 'SOHO', '1 BOTOL', 0, 0.00, 24700.00, 29640.00, 100.00, 1, NULL, NULL, '2023-09-17 07:30:41', '2023-09-17 07:30:41'),
	(827, NULL, NULL, 'CURVIT CL EMULSION', 2, NULL, 'SOHO', '1 BOTOL', 0, 0.00, 49400.00, 59280.00, 100.00, 1, NULL, NULL, '2023-09-17 07:30:41', '2023-09-17 07:30:41'),
	(828, NULL, NULL, 'DULCOLAX TAB /80\'S', 22, NULL, 'B.INGEHEIM', '1 BOX X 20 STRIPS X 4 TAB', 0, 0.00, 2093.00, 2511.00, 100.00, 1, NULL, NULL, '2023-09-17 07:30:41', '2023-09-17 07:30:41'),
	(829, NULL, NULL, 'DUMIN RECTAL 125MG/2.5ML', 9, NULL, 'ACTAVIS', '1 BOX X 5 TUBE', 0, 0.00, 19720.00, 23664.00, 100.00, 1, NULL, NULL, '2023-09-17 07:30:41', '2023-09-17 07:30:41'),
	(830, NULL, NULL, 'DUMIN RECTAL 250MG/4ML', 17, NULL, 'ACTAVIS', '1 BOX X 5 SACHET', 0, 0.00, 26800.00, 32160.00, 100.00, 1, NULL, NULL, '2023-09-17 07:30:41', '2023-09-17 07:30:41'),
	(831, NULL, NULL, 'EPEXOL SYRUP', 2, NULL, 'SANBE FARMA', '1 BOTOL', 0, 0.00, 18200.00, 21840.00, 100.00, 1, NULL, NULL, '2023-09-17 07:30:41', '2023-09-17 07:30:41'),
	(832, NULL, NULL, 'FASIDOL SYR', 2, NULL, 'IFARS', '1 BOTOL', 0, 0.00, 7000.00, 8400.00, 100.00, 1, NULL, NULL, '2023-09-17 07:30:41', '2023-09-17 07:30:41'),
	(833, NULL, NULL, 'GUANISTREP SYRUP', 2, NULL, 'ITRASAL', '1 BOTOL', 0, 0.00, 8000.00, 9600.00, 100.00, 1, NULL, NULL, '2023-09-17 07:30:41', '2023-09-17 07:30:41'),
	(834, NULL, NULL, 'HELIXIM DRY SYRUP', 2, NULL, 'IFARS', '1 BOTOL', 0, 0.00, 12500.00, 15000.00, 100.00, 1, NULL, NULL, '2023-09-17 07:30:41', '2023-09-17 07:30:41'),
	(835, NULL, NULL, 'HERBAKOF SYR 60ML', 2, NULL, 'DEXA', '1 BOTOL', 0, 0.00, 12100.00, 14520.00, 100.00, 1, NULL, NULL, '2023-09-17 07:30:41', '2023-09-17 07:30:41'),
	(836, NULL, NULL, 'INTUNAL FORTE TAB', 22, NULL, 'MEPROFARM', '1 BOX X 25 STRIP X 4 TAB', 0, 0.00, 750.00, 900.00, 100.00, 1, NULL, NULL, '2023-09-17 07:30:41', '2023-09-17 07:30:41'),
	(837, NULL, NULL, 'KALMICETIN OINT', 9, NULL, 'KALBE', '1 TUBE', 0, 0.00, 14500.00, 17400.00, 100.00, 1, NULL, NULL, '2023-09-17 07:30:41', '2023-09-17 07:30:41'),
	(838, NULL, NULL, 'KETOKONAZOLE CREAM 10GR', 9, NULL, 'GEN KIMIA FM', '1 TUBE', 0, 0.00, 5000.00, 6000.00, 100.00, 1, NULL, NULL, '2023-09-17 07:30:41', '2023-09-17 07:30:41'),
	(839, NULL, NULL, 'LERZIN DROP', 2, NULL, 'IFARS', '1 BOTOL', 0, 0.00, 12500.00, 15000.00, 100.00, 1, NULL, NULL, '2023-09-17 07:30:41', '2023-09-17 07:30:41'),
	(840, NULL, NULL, 'MEXTRIL TABLET', 22, NULL, 'SAKA FARMA', '1 BOX X 25 STRIP X 4 TAB', 0, 0.00, 534.47, 642.00, 100.00, 1, NULL, NULL, '2023-09-17 07:30:41', '2023-09-17 07:30:41'),
	(841, NULL, NULL, 'MEZINEX EXPECTORANT', 2, NULL, 'IFARS', '1 BOTOL', 0, 0.00, 9000.00, 10800.00, 100.00, 1, NULL, NULL, '2023-09-17 07:30:41', '2023-09-17 07:30:41'),
	(842, NULL, NULL, 'ROHTO EYE FLUSH', 2, NULL, 'ROHTO', '1 BOTOL', 0, 0.00, 27900.00, 33480.00, 100.00, 1, NULL, NULL, '2023-09-17 07:30:41', '2023-09-17 07:30:41'),
	(843, NULL, NULL, 'VAPREX SUSPENSI', 2, NULL, 'DARYA VARIA', '1 BOTOL', 0, 0.00, 40700.00, 48840.00, 100.00, 1, NULL, NULL, '2023-09-17 07:30:41', '2023-09-17 07:30:41'),
	(844, NULL, NULL, 'OBAT GIGI KAKAK TUA', 2, NULL, 'SAMCO', '1 BOTOL', 0, 0.00, 11300.00, 13560.00, 100.00, 1, NULL, NULL, '2023-09-17 07:30:41', '2023-09-17 07:30:41'),
	(845, NULL, NULL, 'PI KANG SHUANG KRIM', 9, NULL, 'SANO GRATLA FARMA', '1 TUBE', 0, 0.00, 11500.00, 13800.00, 100.00, 1, NULL, NULL, '2023-09-17 07:30:41', '2023-09-17 07:30:41'),
	(846, NULL, NULL, 'SANMOL FORTE SYRUP', 2, NULL, 'SANBE FARMA', '1 BOTOL', 0, 0.00, 29190.00, 35028.00, 100.00, 1, NULL, NULL, '2023-09-17 07:30:41', '2023-09-17 07:30:41'),
	(847, NULL, NULL, 'SCOTTS EMULSION ORIGINAL', 2, NULL, 'GSK', '1 BOTOL', 0, 0.00, 64100.00, 76920.00, 100.00, 1, NULL, NULL, '2023-09-17 07:30:41', '2023-09-17 07:30:41'),
	(848, NULL, NULL, 'SCOTTS EMULSION VITA(BESAR)', 2, NULL, 'GSK', '1 BOTOL', 0, 0.00, 61200.00, 73440.00, 100.00, 1, NULL, NULL, '2023-09-17 07:30:41', '2023-09-17 07:30:41'),
	(849, NULL, NULL, 'SENSITIF TEST KEHAMILAN', 11, NULL, 'DANPHAC PHARMA', '1 STRIP', 0, 0.00, 21000.00, 25200.00, 100.00, 1, NULL, NULL, '2023-09-17 07:30:41', '2023-09-17 07:30:41'),
	(850, NULL, NULL, 'SILADEX COUGH & COLD SYR(BIRU)', 2, NULL, 'KONIMEX', '1 BOTOL', 0, 0.00, 11760.00, 14112.00, 100.00, 1, NULL, NULL, '2023-09-17 07:30:41', '2023-09-17 07:30:41'),
	(851, NULL, NULL, 'SILADEX MUL EXP(HIJAU) BSR', 2, NULL, 'KONIMEX', '1 BOTOL', 0, 0.00, 11760.00, 14112.00, 100.00, 1, NULL, NULL, '2023-09-17 07:30:41', '2023-09-17 07:30:41'),
	(852, NULL, NULL, 'TRIAMINIX EKSPEKTORAN/LEMON', 2, NULL, 'NOVARTIS', '1 BOTOL', 0, 0.00, 66000.00, 79200.00, 100.00, 1, NULL, NULL, '2023-09-17 07:30:41', '2023-09-17 07:30:41'),
	(853, NULL, NULL, 'VOLTAREN EMULGEL 5GR', 9, NULL, 'GSK', '1 TUBE', 0, 0.00, 30600.00, 36720.00, 100.00, 1, NULL, NULL, '2023-09-17 07:30:41', '2023-09-17 07:30:41'),
	(854, NULL, NULL, 'IFFARS-GENALTEN CREAM 5G', 1, NULL, 'IFARS', '1 PCS', 0, 0.00, 3795.00, 4554.00, 100.00, 1, NULL, NULL, '2023-09-17 07:30:41', '2023-09-17 07:30:41'),
	(855, NULL, NULL, 'MEPRO-EFLIN TABLET 10X10', 22, NULL, 'MEPROFARM', '1 BOX X 10 STRIP X 10 TAB', 0, 0.00, 1250.00, 1500.00, 100.00, 1, NULL, NULL, '2023-09-17 07:30:41', '2023-09-17 07:30:41'),
	(856, NULL, NULL, 'OTSUKA-NACL 250ML', 2, NULL, 'OTSUKA', '1 PCS', 3, 0.00, 7215.00, 9018.75, 25.00, 1, NULL, NULL, '2023-09-17 07:30:41', '2023-09-17 13:47:52'),
	(857, NULL, NULL, 'PARACETAMOL NOVA STRAWBERRY 60ML', 2, NULL, 'INTERBAT', '1 BOTOL', 0, 0.00, 6150.00, 7380.00, 100.00, 1, NULL, NULL, '2023-09-17 07:30:41', '2023-09-17 07:30:41'),
	(858, NULL, NULL, 'WIDATRA-RANGERS LACTATE RL 500ML UNICARE', 1, NULL, 'WIDATRA', '1 PCS', 0, 0.00, 7656.00, 9200.00, 100.00, 1, NULL, NULL, '2023-09-17 07:30:41', '2023-09-17 07:30:41'),
	(859, NULL, NULL, 'IFFARS-LARZIN60ML', 2, NULL, 'IFARS', '1 BOTOL', 0, 0.00, 6830.00, 8196.00, 100.00, 1, NULL, NULL, '2023-09-17 07:30:41', '2023-09-17 07:30:41'),
	(860, NULL, NULL, 'IFFARS-QUANTIDEX SYRUP 60ML', 2, NULL, 'IFARS', '1 BOTOL', 0, 0.00, 6710.00, 8052.00, 100.00, 1, NULL, NULL, '2023-09-17 07:30:41', '2023-09-17 07:30:41'),
	(861, NULL, NULL, 'IFFARS-YUSIMOX SIRUP 60ML', 2, NULL, 'IFARS', '1 BOTOL', 0, 0.00, 5710.00, 6852.00, 100.00, 1, NULL, NULL, '2023-09-17 07:30:41', '2023-09-17 07:30:41'),
	(862, NULL, NULL, 'ERELA-AMBROXOL SYRUP 60ML', 2, NULL, 'MEPROFARM', '1 BOTOL', 0, 0.00, 5445.00, 6534.00, 100.00, 1, NULL, NULL, '2023-09-17 07:30:41', '2023-09-17 08:40:04'),
	(867, NULL, '8990000000000', 'TES', 3, NULL, 'kimia farma', '1 BOX X 12 STRIP X 5 TABLET', 0, 0.00, 900.00, 1080.00, 100.00, 1, NULL, NULL, '2023-09-17 14:06:25', '2023-09-17 14:06:25'),
	(916, NULL, '4987180000000', 'VIKS FORMULA DEWASA 100ML', 2, NULL, 'PT. Darya Varia Laboratoria Tbk', '1 BOTOL', 0, 0.00, 25000.00, 30000.00, 100.00, 1, NULL, NULL, '2023-09-20 15:33:19', '2023-09-20 15:57:48'),
	(917, NULL, '4987180000000', 'VIKS FORMULA DEWASA 54ML', 2, NULL, 'PT. Darya Varia Laboratoria Tbk', '1 BOTOL', 0, 0.00, 17000.00, 20400.00, 100.00, 1, NULL, NULL, '2023-09-20 15:33:19', '2023-09-20 15:57:48'),
	(918, NULL, '4987180000000', 'VIKS FORMULA DEWASA 27 ML', 2, NULL, 'PT. Darya Varia Laboratoria Tbk', '1 BOTOL', 0, 0.00, 9700.00, 11640.00, 100.00, 1, NULL, NULL, '2023-09-20 15:33:19', '2023-09-20 15:57:48'),
	(919, NULL, '8995230000000', 'ZENIREX', 2, NULL, 'ZENITH PHARMACEUTICALS', '1 BOTOL', 0, 0.00, 7500.00, 9000.00, 100.00, 1, NULL, NULL, '2023-09-20 15:33:19', '2023-09-20 15:57:48'),
	(920, NULL, '(90)dtl1604525137a1(91)230524', 'PARATUSIN SIRUP 60 ML', 2, NULL, 'PT. Darya Varia Laboratoria Tbk', '1 BOTOL', 0, 0.00, 31500.00, 37800.00, 100.00, 1, NULL, NULL, '2023-09-20 15:33:19', '2023-09-20 15:57:48'),
	(921, NULL, '(90)DTL7822209237A1(91)240720', 'SANADRYL EXPPECTORAN 60ML', 2, NULL, 'PT Sanbe Farma', '1 BOTOL', 0, 0.00, 12600.00, 15120.00, 100.00, 1, NULL, NULL, '2023-09-20 15:33:19', '2023-09-20 15:57:48'),
	(922, 'WN04B', '8993590000000', 'BOTTLE BEAR 150ML', 2, NULL, 'Baby Safe', '1 BOTOL', 1, 0.00, 47297.00, 34000.00, 100.00, 1, NULL, NULL, '2023-09-20 15:33:19', '2023-09-20 15:57:48'),
	(923, 'WN04P', '8993590000000', 'BOTTLE ELEPHANT 150ML', 2, NULL, 'Baby Safe', '1 BOTOL', 1, 0.00, 47297.00, 34000.00, 100.00, 1, NULL, NULL, '2023-09-20 15:33:19', '2023-09-20 15:57:48'),
	(924, 'WNO4G', '8993590000000', 'BOTTLE OWL 150ML', 2, NULL, 'Baby Safe', '1 BOTOL', 1, 0.00, 47297.00, 34000.00, 100.00, 1, NULL, NULL, '2023-09-20 15:33:19', '2023-09-20 15:57:48'),
	(925, 'WN05B', '8993590000000', 'BOTTLE BEAR 250ML', 2, NULL, 'BAby Safer', '1 BOTOL', 1, 0.00, 49099.00, 36000.00, 100.00, 1, NULL, NULL, '2023-09-20 15:33:19', '2023-09-20 15:57:48'),
	(926, 'WN05G', '8993590000000', 'BOTTLE OWL 250ML', 2, NULL, 'BABY SAFE', '1 BOTOL', 1, 0.00, 49099.00, 36000.00, 100.00, 1, NULL, NULL, '2023-09-20 15:33:19', '2023-09-20 15:57:48'),
	(927, 'WN05P', '8993590000000', 'BOTTLE ELEPHANT 250 ML', 2, NULL, 'BABY SAFE', '1 BOTOL', 1, 0.00, 49099.00, 36000.00, 100.00, 1, NULL, NULL, '2023-09-20 15:33:19', '2023-09-20 15:57:48'),
	(928, 'TT001', '8993590000000', 'COOLING TEETHER', 1, NULL, 'BABY SAFE', '1 PCS', 1, 0.00, 27727.00, 20000.00, 100.00, 1, NULL, NULL, '2023-09-20 15:33:19', '2023-09-20 15:57:48'),
	(929, 'JP019', '8993590000000', 'CUP WITH STRAW 270ML', 1, NULL, 'BABY SAFE', '1 PCS', 1, 0.00, 69640.00, 50000.00, 100.00, 1, NULL, NULL, '2023-09-20 15:33:19', '2023-09-20 15:57:48'),
	(930, 'SK019', '8993590000000', 'CUP WEIGHTED STRAW', 1, NULL, 'BABY SAFE', '1 PCS', 1, 0.00, 64144.00, 46000.00, 100.00, 1, NULL, NULL, '2023-09-20 15:33:19', '2023-09-20 15:57:48'),
	(931, 'BPM01', '8993590000000', 'BREAST PUMP MANUAL', 18, NULL, 'BABY SAFE', '1 SET', 1, 0.00, 248649.00, 185000.00, 100.00, 1, NULL, NULL, '2023-09-20 15:33:19', '2023-09-20 15:57:48'),
	(932, 'BPE01', '8993590000000', 'BREAST PUMP SINGLE ELECTRIC', NULL, NULL, 'BABY SAFE', '', 1, 0.00, 649500.00, 469800.00, 100.00, 1, NULL, NULL, '2023-09-20 15:33:19', '2023-09-20 15:57:48'),
	(933, NULL, '8994250000000', 'HUFAGRIP FLU& BATUK', 2, NULL, 'PT. GRATIA HUSADA FARMA', '1 BOTOL', 1, 0.00, 20800.00, 25000.00, 100.00, 1, NULL, NULL, '2023-09-20 15:33:19', '2023-09-20 15:57:48'),
	(934, NULL, '8994250000000', 'HUFAGRIP BATUK PILEK', 2, NULL, 'PT.GATIA HUSADA FARMA', '1 BOTOL', 1, 0.00, 20000.00, 24000.00, 100.00, 1, NULL, NULL, '2023-09-20 15:33:19', '2023-09-20 15:57:48'),
	(935, NULL, '8998670000000', 'TERMOREX LUS 30ML', 2, NULL, 'PT. KONIMEX', '1 BOTOL', 1, 0.00, 8300.00, 10000.00, 100.00, 1, NULL, NULL, '2023-09-20 15:33:19', '2023-09-20 15:57:48'),
	(936, NULL, '8998670000000', 'TERMOREX LUS 60ML', 2, NULL, 'PT. KONIMEX', '1 BOTOL', 0, 0.00, 41300.00, 49600.00, 100.00, 1, NULL, NULL, '2023-09-20 15:33:19', '2023-09-20 15:57:48'),
	(937, NULL, '8710100000000', 'AVEN NATURAL', 2, NULL, NULL, '1 BOTOL', 0, 0.00, 182000.00, 182000.00, 100.00, 1, NULL, NULL, '2023-09-20 15:33:19', '2023-09-20 15:57:48'),
	(938, 'DAC070', '8994060000000', 'KANTONG ASI 100ML', 6, NULL, 'PT.DODORINDO JAYA ABADI', '1 BOX', 1, 0.00, 30777.00, 36900.00, 100.00, 1, NULL, NULL, '2023-09-20 15:33:19', '2023-09-20 15:57:48'),
	(939, 'DAC069', '8994060000000', 'KANTONG ASI 150 ML', 6, NULL, 'PT.DODORINDO JAYA ABADI', '1 BOX', 1, 0.00, 35318.00, 42500.00, 100.00, 1, NULL, NULL, '2023-09-20 15:33:19', '2023-09-20 15:57:48'),
	(940, 'DAC056', '8994060000000', 'KANTONG ASI 250 ML', 6, NULL, 'PT.DODORINDO JAYA ABADI', '1 BOX', 1, 0.00, 40686.00, 48900.00, 100.00, 1, NULL, NULL, '2023-09-20 15:33:19', '2023-09-20 15:57:48'),
	(941, 'DST010', '8994060000000', 'GANTUNGAN KOMPENG', 1, NULL, 'PT.DODORINDO JAYA ABADI', '1 PCS', 1, 0.00, 21695.00, 26000.00, 100.00, 1, NULL, NULL, '2023-09-20 15:33:19', '2023-09-20 15:57:48'),
	(942, 'DAC004', '8994060000000', 'WATER FILLED REGULER', 1, NULL, 'PT.DODORINDO JAYA ABADI', '1 PCS', 1, 0.00, 14632.00, 17600.00, 100.00, 1, NULL, NULL, '2023-09-20 15:33:19', '2023-09-20 15:57:48'),
	(943, 'DAC006', '8994060000000', 'WATER FILLED SILICONE', NULL, NULL, 'PT.DODORINDO JAYA ABADI', '', 1, 0.00, 16145.00, 19400.00, 100.00, 1, NULL, NULL, '2023-09-20 15:33:19', '2023-09-20 15:57:48'),
	(944, NULL, '7899490000000', 'FLIASHLIGHT EARPICK', NULL, NULL, NULL, '', 1, 0.00, 3000.00, 3600.00, 100.00, 1, NULL, NULL, '2023-09-20 15:33:19', '2023-09-20 15:57:48');

-- Dumping structure for table laravel_filament.produk_kategori
CREATE TABLE IF NOT EXISTS `produk_kategori` (
  `id` bigint unsigned NOT NULL AUTO_INCREMENT,
  `produk_id` bigint unsigned NOT NULL,
  `kategori_id` bigint unsigned NOT NULL,
  `created_at` timestamp NULL DEFAULT NULL,
  `updated_at` timestamp NULL DEFAULT NULL,
  PRIMARY KEY (`id`),
  KEY `produk_kategori_produk_id_foreign` (`produk_id`),
  KEY `produk_kategori_kategori_id_foreign` (`kategori_id`),
  CONSTRAINT `produk_kategori_kategori_id_foreign` FOREIGN KEY (`kategori_id`) REFERENCES `kategoris` (`id`),
  CONSTRAINT `produk_kategori_produk_id_foreign` FOREIGN KEY (`produk_id`) REFERENCES `produks` (`id`)
) ENGINE=InnoDB AUTO_INCREMENT=549 DEFAULT CHARSET=utf8mb4 COLLATE=utf8mb4_unicode_ci;

-- Dumping data for table laravel_filament.produk_kategori: ~271 rows (approximately)
INSERT IGNORE INTO `produk_kategori` (`id`, `produk_id`, `kategori_id`, `created_at`, `updated_at`) VALUES
	(207, 409, 11, NULL, NULL),
	(208, 410, 11, NULL, NULL),
	(209, 411, 45, NULL, NULL),
	(210, 412, 45, NULL, NULL),
	(211, 413, 9, NULL, NULL),
	(212, 415, 11, NULL, NULL),
	(213, 416, 11, NULL, NULL),
	(214, 417, 11, NULL, NULL),
	(215, 418, 11, NULL, NULL),
	(216, 418, 12, NULL, NULL),
	(217, 419, 27, NULL, NULL),
	(218, 421, 44, NULL, NULL),
	(219, 422, 17, NULL, NULL),
	(220, 438, 22, NULL, NULL),
	(221, 439, 22, NULL, NULL),
	(222, 446, 35, NULL, NULL),
	(223, 447, 17, NULL, NULL),
	(224, 449, 33, NULL, NULL),
	(225, 449, 34, NULL, NULL),
	(226, 452, 10, NULL, NULL),
	(227, 453, 10, NULL, NULL),
	(228, 457, 36, NULL, NULL),
	(229, 460, 22, NULL, NULL),
	(230, 461, 22, NULL, NULL),
	(231, 462, 37, NULL, NULL),
	(232, 463, 37, NULL, NULL),
	(233, 464, 26, NULL, NULL),
	(234, 465, 17, NULL, NULL),
	(235, 466, 17, NULL, NULL),
	(236, 467, 17, NULL, NULL),
	(237, 468, 17, NULL, NULL),
	(238, 472, 11, NULL, NULL),
	(239, 472, 13, NULL, NULL),
	(240, 472, 14, NULL, NULL),
	(241, 473, 2, NULL, NULL),
	(242, 475, 9, NULL, NULL),
	(243, 476, 9, NULL, NULL),
	(244, 477, 25, NULL, NULL),
	(245, 478, 38, NULL, NULL),
	(246, 481, 15, NULL, NULL),
	(247, 482, 15, NULL, NULL),
	(248, 483, 15, NULL, NULL),
	(249, 497, 32, NULL, NULL),
	(250, 498, 32, NULL, NULL),
	(251, 500, 39, NULL, NULL),
	(252, 502, 40, NULL, NULL),
	(253, 503, 40, NULL, NULL),
	(254, 504, 40, NULL, NULL),
	(255, 505, 16, NULL, NULL),
	(256, 506, 16, NULL, NULL),
	(257, 508, 17, NULL, NULL),
	(258, 509, 27, NULL, NULL),
	(259, 510, 27, NULL, NULL),
	(260, 511, 27, NULL, NULL),
	(261, 512, 16, NULL, NULL),
	(262, 513, 16, NULL, NULL),
	(263, 514, 16, NULL, NULL),
	(264, 515, 16, NULL, NULL),
	(265, 516, 16, NULL, NULL),
	(266, 517, 16, NULL, NULL),
	(267, 518, 16, NULL, NULL),
	(268, 519, 16, NULL, NULL),
	(269, 520, 16, NULL, NULL),
	(270, 521, 17, NULL, NULL),
	(271, 522, 17, NULL, NULL),
	(272, 523, 17, NULL, NULL),
	(273, 524, 11, NULL, NULL),
	(274, 530, 23, NULL, NULL),
	(275, 531, 23, NULL, NULL),
	(276, 535, 33, NULL, NULL),
	(277, 535, 34, NULL, NULL),
	(278, 550, 22, NULL, NULL),
	(279, 551, 17, NULL, NULL),
	(280, 553, 17, NULL, NULL),
	(281, 554, 17, NULL, NULL),
	(282, 555, 17, NULL, NULL),
	(283, 557, 27, NULL, NULL),
	(284, 558, 18, NULL, NULL),
	(285, 564, 9, NULL, NULL),
	(286, 565, 9, NULL, NULL),
	(287, 566, 9, NULL, NULL),
	(288, 567, 9, NULL, NULL),
	(289, 568, 9, NULL, NULL),
	(290, 570, 21, NULL, NULL),
	(291, 571, 42, NULL, NULL),
	(292, 572, 2, NULL, NULL),
	(293, 588, 26, NULL, NULL),
	(294, 596, 28, NULL, NULL),
	(295, 597, 28, NULL, NULL),
	(296, 598, 28, NULL, NULL),
	(297, 599, 28, NULL, NULL),
	(298, 600, 28, NULL, NULL),
	(299, 601, 28, NULL, NULL),
	(300, 602, 41, NULL, NULL),
	(301, 603, 41, NULL, NULL),
	(302, 606, 21, NULL, NULL),
	(303, 614, 17, NULL, NULL),
	(304, 623, 17, NULL, NULL),
	(305, 652, 18, NULL, NULL),
	(306, 653, 18, NULL, NULL),
	(307, 656, 22, NULL, NULL),
	(308, 657, 22, NULL, NULL),
	(309, 669, 1, NULL, NULL),
	(310, 669, 29, NULL, NULL),
	(311, 670, 1, NULL, NULL),
	(312, 670, 29, NULL, NULL),
	(313, 671, 1, NULL, NULL),
	(314, 671, 29, NULL, NULL),
	(315, 672, 1, NULL, NULL),
	(316, 672, 29, NULL, NULL),
	(317, 673, 1, NULL, NULL),
	(318, 673, 29, NULL, NULL),
	(319, 674, 1, NULL, NULL),
	(320, 674, 29, NULL, NULL),
	(321, 689, 18, NULL, NULL),
	(322, 690, 18, NULL, NULL),
	(323, 691, 18, NULL, NULL),
	(324, 692, 18, NULL, NULL),
	(325, 693, 18, NULL, NULL),
	(326, 694, 18, NULL, NULL),
	(327, 695, 18, NULL, NULL),
	(328, 696, 18, NULL, NULL),
	(329, 699, 18, NULL, NULL),
	(330, 700, 18, NULL, NULL),
	(331, 705, 18, NULL, NULL),
	(332, 706, 18, NULL, NULL),
	(333, 707, 18, NULL, NULL),
	(334, 708, 18, NULL, NULL),
	(335, 709, 18, NULL, NULL),
	(336, 710, 18, NULL, NULL),
	(337, 711, 18, NULL, NULL),
	(338, 712, 18, NULL, NULL),
	(339, 713, 18, NULL, NULL),
	(340, 714, 18, NULL, NULL),
	(341, 718, 18, NULL, NULL),
	(342, 719, 18, NULL, NULL),
	(343, 720, 18, NULL, NULL),
	(344, 721, 18, NULL, NULL),
	(345, 722, 18, NULL, NULL),
	(346, 723, 18, NULL, NULL),
	(347, 724, 18, NULL, NULL),
	(348, 725, 18, NULL, NULL),
	(349, 726, 18, NULL, NULL),
	(350, 728, 17, NULL, NULL),
	(351, 732, 43, NULL, NULL),
	(352, 733, 18, NULL, NULL),
	(353, 734, 27, NULL, NULL),
	(354, 735, 18, NULL, NULL),
	(355, 736, 18, NULL, NULL),
	(356, 737, 11, NULL, NULL),
	(357, 737, 13, NULL, NULL),
	(358, 738, 18, NULL, NULL),
	(359, 739, 18, NULL, NULL),
	(360, 740, 19, NULL, NULL),
	(361, 741, 18, NULL, NULL),
	(362, 742, 18, NULL, NULL),
	(363, 743, 18, NULL, NULL),
	(364, 744, 18, NULL, NULL),
	(365, 745, 18, NULL, NULL),
	(366, 750, 41, NULL, NULL),
	(367, 751, 11, NULL, NULL),
	(368, 751, 13, NULL, NULL),
	(369, 753, 11, NULL, NULL),
	(370, 754, 4, NULL, NULL),
	(371, 755, 4, NULL, NULL),
	(372, 757, 17, NULL, NULL),
	(373, 758, 17, NULL, NULL),
	(374, 759, 17, NULL, NULL),
	(375, 762, 30, NULL, NULL),
	(376, 772, 18, NULL, NULL),
	(377, 773, 18, NULL, NULL),
	(378, 774, 18, NULL, NULL),
	(379, 776, 25, NULL, NULL),
	(380, 777, 11, NULL, NULL),
	(381, 777, 13, NULL, NULL),
	(382, 781, 1, NULL, NULL),
	(383, 781, 31, NULL, NULL),
	(384, 782, 1, NULL, NULL),
	(385, 782, 31, NULL, NULL),
	(386, 783, 22, NULL, NULL),
	(387, 784, 11, NULL, NULL),
	(388, 785, 11, NULL, NULL),
	(389, 786, 11, NULL, NULL),
	(390, 787, 24, NULL, NULL),
	(391, 788, 24, NULL, NULL),
	(392, 790, 23, NULL, NULL),
	(393, 794, 9, NULL, NULL),
	(394, 795, 9, NULL, NULL),
	(400, 801, 11, NULL, NULL),
	(401, 801, 13, NULL, NULL),
	(402, 802, 11, NULL, NULL),
	(403, 802, 13, NULL, NULL),
	(404, 803, 11, NULL, NULL),
	(405, 803, 13, NULL, NULL),
	(406, 804, 11, NULL, NULL),
	(407, 804, 13, NULL, NULL),
	(408, 805, 20, NULL, NULL),
	(409, 806, 11, NULL, NULL),
	(410, 807, 11, NULL, NULL),
	(411, 808, 11, NULL, NULL),
	(412, 808, 12, NULL, NULL),
	(413, 809, 46, NULL, NULL),
	(414, 810, 46, NULL, NULL),
	(415, 811, 46, NULL, NULL),
	(416, 812, 46, NULL, NULL),
	(417, 813, 46, NULL, NULL),
	(418, 814, 46, NULL, NULL),
	(419, 815, 30, NULL, NULL),
	(420, 816, 30, NULL, NULL),
	(421, 817, 46, NULL, NULL),
	(422, 818, 46, NULL, NULL),
	(423, 819, 30, NULL, NULL),
	(424, 820, 47, NULL, NULL),
	(425, 821, 46, NULL, NULL),
	(426, 822, 48, NULL, NULL),
	(427, 823, 49, NULL, NULL),
	(428, 824, 50, NULL, NULL),
	(429, 825, 17, NULL, NULL),
	(430, 826, 17, NULL, NULL),
	(431, 827, 17, NULL, NULL),
	(432, 828, 40, NULL, NULL),
	(433, 829, 51, NULL, NULL),
	(434, 830, 51, NULL, NULL),
	(435, 831, 48, NULL, NULL),
	(436, 832, 51, NULL, NULL),
	(437, 833, 52, NULL, NULL),
	(438, 834, 53, NULL, NULL),
	(439, 835, 48, NULL, NULL),
	(440, 836, 48, NULL, NULL),
	(441, 837, 54, NULL, NULL),
	(442, 838, 55, NULL, NULL),
	(443, 839, 38, NULL, NULL),
	(444, 840, 48, NULL, NULL),
	(445, 841, 48, NULL, NULL),
	(446, 842, 56, NULL, NULL),
	(447, 831, 57, NULL, NULL),
	(448, 844, 50, NULL, NULL),
	(449, 845, 25, NULL, NULL),
	(450, 846, 51, NULL, NULL),
	(451, 847, 58, NULL, NULL),
	(452, 848, 58, NULL, NULL),
	(453, 849, 46, NULL, NULL),
	(454, 850, 48, NULL, NULL),
	(455, 851, 48, NULL, NULL),
	(456, 852, 48, NULL, NULL),
	(457, 853, 59, NULL, NULL),
	(458, 854, 60, NULL, NULL),
	(459, 855, 41, NULL, NULL),
	(460, 856, 7, NULL, NULL),
	(461, 857, 51, NULL, NULL),
	(462, 858, 46, NULL, NULL),
	(463, 859, 38, NULL, NULL),
	(464, 860, 48, NULL, NULL),
	(465, 861, 48, NULL, NULL),
	(466, 862, 48, NULL, NULL),
	(471, 867, 7, NULL, NULL),
	(472, 867, 10, NULL, NULL),
	(473, 796, 63, NULL, NULL),
	(474, 797, 63, NULL, NULL),
	(475, 798, 63, NULL, NULL),
	(477, 799, 64, NULL, NULL),
	(478, 414, 45, NULL, NULL),
	(518, 917, 2, NULL, NULL),
	(519, 918, 2, NULL, NULL),
	(520, 919, 87, NULL, NULL),
	(521, 920, 65, NULL, NULL),
	(522, 921, 88, NULL, NULL),
	(523, 922, 89, NULL, NULL),
	(524, 923, 89, NULL, NULL),
	(525, 924, 89, NULL, NULL),
	(526, 925, 89, NULL, NULL),
	(527, 926, 89, NULL, NULL),
	(528, 927, 89, NULL, NULL),
	(529, 928, 90, NULL, NULL),
	(530, 929, 91, NULL, NULL),
	(531, 930, 90, NULL, NULL),
	(532, 931, 90, NULL, NULL),
	(533, 932, 90, NULL, NULL),
	(534, 933, 92, NULL, NULL),
	(535, 934, 92, NULL, NULL),
	(536, 935, 65, NULL, NULL),
	(537, 936, 65, NULL, NULL),
	(538, 937, 90, NULL, NULL),
	(539, 938, 90, NULL, NULL),
	(540, 939, 90, NULL, NULL),
	(541, 940, 90, NULL, NULL),
	(542, 941, 90, NULL, NULL),
	(543, 942, 90, NULL, NULL),
	(544, 943, 90, NULL, NULL),
	(545, 944, 8, NULL, NULL),
	(548, 916, 2, NULL, NULL);

-- Dumping structure for table laravel_filament.roles
CREATE TABLE IF NOT EXISTS `roles` (
  `id` bigint unsigned NOT NULL AUTO_INCREMENT,
  `name` varchar(255) COLLATE utf8mb4_unicode_ci NOT NULL,
  `guard_name` varchar(255) COLLATE utf8mb4_unicode_ci NOT NULL,
  `created_at` timestamp NULL DEFAULT NULL,
  `updated_at` timestamp NULL DEFAULT NULL,
  PRIMARY KEY (`id`),
  UNIQUE KEY `roles_name_guard_name_unique` (`name`,`guard_name`)
) ENGINE=InnoDB AUTO_INCREMENT=5 DEFAULT CHARSET=utf8mb4 COLLATE=utf8mb4_unicode_ci;

-- Dumping data for table laravel_filament.roles: ~4 rows (approximately)
INSERT IGNORE INTO `roles` (`id`, `name`, `guard_name`, `created_at`, `updated_at`) VALUES
	(1, 'superuser', 'web', '2023-09-16 16:15:11', '2023-09-16 16:15:11'),
	(2, 'pemilik', 'web', '2023-09-16 16:15:14', '2023-09-16 16:15:14'),
	(3, 'apoteker', 'web', '2023-09-16 16:15:17', '2023-09-16 16:15:17'),
	(4, 'kasir', 'web', '2023-09-16 16:15:17', '2023-09-16 16:15:17');

-- Dumping structure for table laravel_filament.role_has_permissions
CREATE TABLE IF NOT EXISTS `role_has_permissions` (
  `permission_id` bigint unsigned NOT NULL,
  `role_id` bigint unsigned NOT NULL,
  PRIMARY KEY (`permission_id`,`role_id`),
  KEY `role_has_permissions_role_id_foreign` (`role_id`),
  CONSTRAINT `role_has_permissions_permission_id_foreign` FOREIGN KEY (`permission_id`) REFERENCES `permissions` (`id`) ON DELETE CASCADE,
  CONSTRAINT `role_has_permissions_role_id_foreign` FOREIGN KEY (`role_id`) REFERENCES `roles` (`id`) ON DELETE CASCADE
) ENGINE=InnoDB DEFAULT CHARSET=utf8mb4 COLLATE=utf8mb4_unicode_ci;

-- Dumping data for table laravel_filament.role_has_permissions: ~77 rows (approximately)
INSERT IGNORE INTO `role_has_permissions` (`permission_id`, `role_id`) VALUES
	(1, 1),
	(2, 1),
	(3, 1),
	(4, 1),
	(5, 1),
	(6, 1),
	(7, 1),
	(8, 1),
	(9, 1),
	(10, 1),
	(11, 1),
	(12, 1),
	(13, 1),
	(14, 1),
	(15, 1),
	(16, 1),
	(17, 1),
	(18, 1),
	(19, 1),
	(20, 1),
	(21, 1),
	(22, 1),
	(23, 1),
	(24, 1),
	(25, 1),
	(26, 1),
	(27, 1),
	(28, 1),
	(29, 1),
	(30, 1),
	(31, 1),
	(32, 1),
	(33, 1),
	(34, 1),
	(35, 1),
	(1, 2),
	(2, 2),
	(3, 2),
	(4, 2),
	(5, 2),
	(6, 2),
	(7, 2),
	(8, 2),
	(9, 2),
	(10, 2),
	(11, 2),
	(12, 2),
	(14, 2),
	(15, 2),
	(16, 2),
	(17, 2),
	(18, 2),
	(19, 2),
	(20, 2),
	(21, 2),
	(22, 2),
	(23, 2),
	(24, 2),
	(25, 2),
	(26, 2),
	(27, 2),
	(28, 2),
	(29, 2),
	(30, 2),
	(31, 2),
	(32, 2),
	(33, 2),
	(34, 2),
	(35, 2),
	(14, 3),
	(19, 3),
	(29, 3),
	(30, 3),
	(14, 4),
	(19, 4),
	(29, 4),
	(30, 4);

-- Dumping structure for table laravel_filament.satuans
CREATE TABLE IF NOT EXISTS `satuans` (
  `id` bigint unsigned NOT NULL AUTO_INCREMENT,
  `nama` varchar(50) COLLATE utf8mb4_unicode_ci NOT NULL,
  `digunakan` tinyint(1) NOT NULL DEFAULT '1',
  `created_by` bigint unsigned DEFAULT NULL,
  `last_edited_by` bigint unsigned DEFAULT NULL,
  `created_at` timestamp NULL DEFAULT NULL,
  `updated_at` timestamp NULL DEFAULT NULL,
  PRIMARY KEY (`id`),
  UNIQUE KEY `satuans_nama_unique` (`nama`),
  KEY `satuans_created_by` (`created_by`),
  KEY `satuans_last_edited_by` (`last_edited_by`),
  CONSTRAINT `satuans_created_by` FOREIGN KEY (`created_by`) REFERENCES `users` (`id`) ON DELETE SET NULL,
  CONSTRAINT `satuans_last_edited_by` FOREIGN KEY (`last_edited_by`) REFERENCES `users` (`id`) ON DELETE SET NULL
) ENGINE=InnoDB AUTO_INCREMENT=28 DEFAULT CHARSET=utf8mb4 COLLATE=utf8mb4_unicode_ci;

-- Dumping data for table laravel_filament.satuans: ~23 rows (approximately)
INSERT IGNORE INTO `satuans` (`id`, `nama`, `digunakan`, `created_by`, `last_edited_by`, `created_at`, `updated_at`) VALUES
	(1, 'PCS', 1, NULL, NULL, '2023-09-16 16:15:20', '2023-09-16 16:15:20'),
	(2, 'BOTOL', 1, NULL, NULL, '2023-09-16 16:15:20', '2023-09-16 16:15:20'),
	(3, 'TABLET', 1, NULL, NULL, '2023-09-16 16:15:20', '2023-09-16 16:15:20'),
	(4, 'KAPSUL', 1, NULL, NULL, '2023-09-16 16:15:20', '2023-09-16 16:15:20'),
	(5, 'KAPLET', 1, NULL, NULL, '2023-09-16 16:15:20', '2023-09-16 16:15:20'),
	(6, 'BOX', 1, NULL, NULL, '2023-09-16 16:15:20', '2023-09-16 16:15:20'),
	(7, 'KOTAK', 1, NULL, NULL, '2023-09-16 16:15:21', '2023-09-16 16:15:21'),
	(8, 'VIAL', 1, NULL, NULL, '2023-09-16 16:15:21', '2023-09-16 16:15:21'),
	(9, 'TUBE', 1, NULL, NULL, '2023-09-16 16:15:21', '2023-09-16 16:15:21'),
	(10, 'DUS', 1, NULL, NULL, '2023-09-16 16:15:21', '2023-09-16 16:15:21'),
	(11, 'STRIP', 1, NULL, NULL, '2023-09-16 16:17:11', '2023-09-16 16:17:11'),
	(12, 'ROL', 1, NULL, NULL, '2023-09-16 16:17:11', '2023-09-16 16:17:11'),
	(13, 'PACK', 1, NULL, NULL, '2023-09-16 16:17:11', '2023-09-16 16:17:11'),
	(14, 'ZAK', 1, NULL, NULL, '2023-09-16 16:17:11', '2023-09-16 16:17:11'),
	(15, 'POT', 1, NULL, NULL, '2023-09-16 16:17:11', '2023-09-16 16:17:11'),
	(16, 'STRIPS', 1, NULL, NULL, '2023-09-16 16:17:11', '2023-09-16 16:17:11'),
	(17, 'SACHET', 1, NULL, NULL, '2023-09-16 16:17:12', '2023-09-16 16:17:12'),
	(18, 'SET', 1, NULL, NULL, '2023-09-16 16:17:12', '2023-09-16 16:17:12'),
	(19, 'PSC', 1, NULL, NULL, '2023-09-16 16:17:12', '2023-09-16 16:17:12'),
	(20, 'INNER', 1, NULL, NULL, '2023-09-16 16:17:13', '2023-09-16 16:17:13'),
	(21, 'LEMBAR', 1, NULL, NULL, '2023-09-16 16:17:13', '2023-09-16 16:17:13'),
	(22, 'TAB', 1, NULL, NULL, '2023-09-17 07:30:41', '2023-09-17 07:30:41'),
	(27, 'TES', 1, NULL, NULL, '2023-09-17 08:58:35', '2023-09-17 08:58:35');

-- Dumping structure for table laravel_filament.sessions
CREATE TABLE IF NOT EXISTS `sessions` (
  `id` varchar(255) COLLATE utf8mb4_unicode_ci NOT NULL,
  `user_id` bigint unsigned DEFAULT NULL,
  `ip_address` varchar(45) COLLATE utf8mb4_unicode_ci DEFAULT NULL,
  `user_agent` text COLLATE utf8mb4_unicode_ci,
  `payload` longtext COLLATE utf8mb4_unicode_ci NOT NULL,
  `last_activity` int NOT NULL,
  PRIMARY KEY (`id`),
  KEY `sessions_user_id_index` (`user_id`),
  KEY `sessions_last_activity_index` (`last_activity`)
) ENGINE=InnoDB DEFAULT CHARSET=utf8mb4 COLLATE=utf8mb4_unicode_ci;

-- Dumping data for table laravel_filament.sessions: ~0 rows (approximately)

-- Dumping structure for table laravel_filament.users
CREATE TABLE IF NOT EXISTS `users` (
  `id` bigint unsigned NOT NULL AUTO_INCREMENT,
  `name` varchar(150) COLLATE utf8mb4_unicode_ci NOT NULL,
  `username` varchar(50) COLLATE utf8mb4_unicode_ci NOT NULL,
  `email` varchar(255) COLLATE utf8mb4_unicode_ci DEFAULT NULL,
  `email_verified_at` timestamp NULL DEFAULT NULL,
  `password` varchar(255) COLLATE utf8mb4_unicode_ci NOT NULL,
  `remember_token` varchar(100) COLLATE utf8mb4_unicode_ci DEFAULT NULL,
  `is_active` tinyint(1) NOT NULL DEFAULT '1',
  `created_at` timestamp NULL DEFAULT NULL,
  `updated_at` timestamp NULL DEFAULT NULL,
  PRIMARY KEY (`id`),
  UNIQUE KEY `users_username_unique` (`username`),
  UNIQUE KEY `users_email_unique` (`email`)
) ENGINE=InnoDB AUTO_INCREMENT=7 DEFAULT CHARSET=utf8mb4 COLLATE=utf8mb4_unicode_ci;

-- Dumping data for table laravel_filament.users: ~5 rows (approximately)
INSERT IGNORE INTO `users` (`id`, `name`, `username`, `email`, `email_verified_at`, `password`, `remember_token`, `is_active`, `created_at`, `updated_at`) VALUES
	(1, 'Superuser', 'superuser', 'mrezaalvi@gmail.com', NULL, '$2y$10$VwYTm/k52A8d9aTBsOtWbOuJj6IWJiqW.mh3wH4rkIyghxuS4/4Z.', NULL, 1, '2023-09-16 16:15:18', '2023-09-16 16:15:18'),
	(2, 'Junaidi Fatrizal', 'pemilik', 'pemilik@example.com', NULL, '$2y$10$2.FzeR67jgUkPoqpu3s/3.aPPhd9MsmLdL.nyj7s29yYhZ8.uxn4u', 'mHZG3k4ZGEG5QhpfQIVxNk7DanOnZegNqtvmPkTvvEEQhrk7yzG4bT0FXTkf', 1, '2023-09-16 16:15:18', '2023-09-16 16:15:18'),
	(3, 'Junaidi Fatrizal', 'apoteker01', 'apoteker01@example.com', NULL, '$2y$10$siJRmSAsYAmnbWM25r4Hp.dVROneZKhG45.H61dBYXWcTQGUNKUwO', NULL, 1, '2023-09-16 16:15:18', '2023-09-16 16:15:18'),
	(4, 'Kasir 01', 'kasir01', 'kasir01@example.com', NULL, '$2y$10$271/J51z7Hxz2ogXScorq.7qW8K.NCaZuFyWM8NB6co7aghEhxi5.', 'cQBqNKTdL6OkU5wfWtFYq3eXa0oTINew9xXoYjSpGIsDUEBn0QLdEyywj17L', 1, '2023-09-16 16:15:19', '2023-09-16 16:15:19');

/*!40103 SET TIME_ZONE=IFNULL(@OLD_TIME_ZONE, 'system') */;
/*!40101 SET SQL_MODE=IFNULL(@OLD_SQL_MODE, '') */;
/*!40014 SET FOREIGN_KEY_CHECKS=IFNULL(@OLD_FOREIGN_KEY_CHECKS, 1) */;
/*!40101 SET CHARACTER_SET_CLIENT=@OLD_CHARACTER_SET_CLIENT */;
/*!40111 SET SQL_NOTES=IFNULL(@OLD_SQL_NOTES, 1) */;
